2025-08-15 16:44:41,269 lib.lichess_bot (lichess_bot.py:1174) INFO 
    .   _/|
    .  // o\
    .  || ._)  lichess-bot 2025.8.7.1 on Darwin 24.6.0
    .  //__\
    .  )___(   Play on Lichess with a bot
    
2025-08-15 16:44:41,281 lib.config (config.py:288) DEBUG Config:
token: logger
url: https://lichess.org/
engine:
  dir: ../bin/
  name: chessna
  working_dir: ''
  protocol: uci
  ponder: true
  polyglot:
    enabled: false
    book:
      standard:
      - engines/book1.bin
      - engines/book2.bin
    min_weight: 1
    selection: weighted_random
    max_depth: 20
    normalization: none
  draw_or_resign:
    resign_enabled: false
    resign_score: -1000
    resign_for_egtb_minus_two: true
    resign_moves: 3
    offer_draw_enabled: true
    offer_draw_score: 0
    offer_draw_for_egtb_zero: true
    offer_draw_moves: 10
    offer_draw_pieces: 10
  online_moves:
    max_out_of_book_moves: 10
    max_retries: 2
    chessdb_book:
      enabled: false
      min_time: 20
      max_time: 10800
      move_quality: good
      min_depth: 20
    lichess_cloud_analysis:
      enabled: false
      min_time: 20
      max_time: 10800
      move_quality: best
      max_score_difference: 50
      min_depth: 20
      min_knodes: 0
    lichess_opening_explorer:
      enabled: false
      min_time: 20
      max_time: 10800
      source: masters
      player_name: ''
      sort: winrate
      min_games: 10
    online_egtb:
      enabled: false
      min_time: 20
      max_time: 10800
      max_pieces: 7
      source: lichess
      move_quality: best
  lichess_bot_tbs:
    syzygy:
      enabled: false
      paths:
      - engines/syzygy
      max_pieces: 7
      move_quality: best
    gaviota:
      enabled: false
      paths:
      - engines/gaviota
      max_pieces: 5
      min_dtm_to_consider_as_wdl_1: 120
      move_quality: best
  homemade_options: null
  uci_options:
    Move Overhead: 100
    Threads: 4
    Hash: 512
    SyzygyPath: ./syzygy/
    UCI_ShowWDL: true
  silence_stderr: false
abort_time: 30
fake_think_time: false
rate_limiting_delay: 0
move_overhead: 2000
max_takebacks_accepted: 0
quit_after_all_games_finish: false
correspondence:
  move_time: 60
  checkin_period: 300
  disconnect_time: 150
  ponder: false
challenge:
  concurrency: 1
  sort_by: best
  preference: none
  accept_bot: true
  only_bot: false
  max_increment: 20
  min_increment: 0
  max_base: 1800
  min_base: 0
  max_days: 14
  min_days: 1
  variants:
  - standard
  time_controls:
  - bullet
  - blitz
  - rapid
  - classical
  modes:
  - casual
  - rated
  bullet_requires_increment: false
  max_simultaneous_games_per_user: 5
greeting:
  hello: Hi! I'm {me}. Good luck! Type !help for a list of commands I can respond
    to.
  goodbye: Good game!
  hello_spectators: Hi! I'm {me}. Type !help for a list of commands I can respond
    to.
  goodbye_spectators: Thanks for watching!
matchmaking:
  allow_matchmaking: false
  allow_during_games: false
  challenge_variant: random
  challenge_timeout: 30
  challenge_initial_time:
  - 60
  - 180
  challenge_increment:
  - 1
  - 2
  opponent_rating_difference: 300
  rating_preference: none
  challenge_mode: random
  challenge_filter: none
  include_challenge_block_list: false

2025-08-15 16:44:41,281 lib.config (config.py:289) DEBUG ====================
2025-08-15 16:44:41,284 lib.config (config.py:288) DEBUG Config:
token: logger
url: https://lichess.org/
engine:
  dir: ../bin/
  name: chessna
  working_dir: /Users/peter/work/chessna/lichess-bot
  protocol: uci
  ponder: true
  polyglot:
    enabled: false
    book:
      standard:
      - engines/book1.bin
      - engines/book2.bin
    min_weight: 1
    selection: weighted_random
    max_depth: 20
    normalization: none
  draw_or_resign:
    resign_enabled: false
    resign_score: -1000
    resign_for_egtb_minus_two: true
    resign_moves: 3
    offer_draw_enabled: true
    offer_draw_score: 0
    offer_draw_for_egtb_zero: true
    offer_draw_moves: 10
    offer_draw_pieces: 10
  online_moves:
    max_out_of_book_moves: 10
    max_retries: 2
    chessdb_book:
      enabled: false
      min_time: 20
      max_time: 10800
      move_quality: good
      min_depth: 20
    lichess_cloud_analysis:
      enabled: false
      min_time: 20
      max_time: 10800
      move_quality: best
      max_score_difference: 50
      min_depth: 20
      min_knodes: 0
    lichess_opening_explorer:
      enabled: false
      min_time: 20
      max_time: 10800
      source: masters
      player_name: ''
      sort: winrate
      min_games: 10
    online_egtb:
      enabled: false
      min_time: 20
      max_time: 10800
      max_pieces: 7
      source: lichess
      move_quality: best
    max_depth: .inf
  lichess_bot_tbs:
    syzygy:
      enabled: false
      paths:
      - engines/syzygy
      max_pieces: 7
      move_quality: best
    gaviota:
      enabled: false
      paths:
      - engines/gaviota
      max_pieces: 5
      min_dtm_to_consider_as_wdl_1: 120
      move_quality: best
  homemade_options: null
  uci_options:
    Move Overhead: 100
    Threads: 4
    Hash: 512
    SyzygyPath: ./syzygy/
    UCI_ShowWDL: true
  silence_stderr: false
  interpreter: null
  interpreter_options: []
  uci_ponder: false
abort_time: 30
fake_think_time: false
rate_limiting_delay: 0
move_overhead: 2000
max_takebacks_accepted: 0
quit_after_all_games_finish: false
correspondence:
  move_time: 60
  checkin_period: 300
  disconnect_time: 150
  ponder: false
  uci_ponder: false
challenge:
  concurrency: 1
  sort_by: best
  preference: none
  accept_bot: true
  only_bot: false
  max_increment: 20
  min_increment: 0
  max_base: 1800
  min_base: 0
  max_days: 14
  min_days: 1
  variants:
  - standard
  time_controls:
  - bullet
  - blitz
  - rapid
  - classical
  modes:
  - casual
  - rated
  bullet_requires_increment: false
  max_simultaneous_games_per_user: 5
  block_list: []
  online_block_list: []
  allow_list: []
greeting:
  hello: Hi! I'm {me}. Good luck! Type !help for a list of commands I can respond
    to.
  goodbye: Good game!
  hello_spectators: Hi! I'm {me}. Type !help for a list of commands I can respond
    to.
  goodbye_spectators: Thanks for watching!
matchmaking:
  allow_matchmaking: false
  allow_during_games: false
  challenge_variant: random
  challenge_timeout: 30
  challenge_initial_time:
  - 60
  - 180
  challenge_increment:
  - 1
  - 2
  opponent_rating_difference: 300
  rating_preference: none
  challenge_mode: random
  challenge_filter: none
  include_challenge_block_list: false
  block_list: []
  online_block_list: []
  challenge_days:
  - null
  opponent_min_rating: 600
  opponent_max_rating: 4000
  overrides: {}
pgn_directory: null
pgn_file_grouping: game

2025-08-15 16:44:41,284 lib.config (config.py:289) DEBUG ====================
2025-08-15 16:44:41,287 lib.lichess_bot (lichess_bot.py:1180) INFO Checking engine configuration ...
2025-08-15 16:44:41,289 lib.engine_wrapper (engine_wrapper.py:69) DEBUG Starting engine: ['/Users/peter/work/chessna/bin/chessna']
2025-08-15 16:44:41,289 asyncio (selector_events.py:64) DEBUG Using selector: KqueueSelector
2025-08-15 16:44:41,291 chess.engine (engine.py:928) DEBUG <UciProtocol (pid=30250)>: Connection made
2025-08-15 16:44:41,292 chess.engine (engine.py:950) DEBUG <UciProtocol (pid=30250)>: << uci
2025-08-15 16:44:41,292 chess.engine (engine.py:976) DEBUG <UciProtocol (pid=30250)>: >> id name CHESSna 2 Version 0.01 alpha
2025-08-15 16:44:41,292 chess.engine (engine.py:976) DEBUG <UciProtocol (pid=30250)>: >> id author Peter Schneider
2025-08-15 16:44:41,292 chess.engine (engine.py:976) DEBUG <UciProtocol (pid=30250)>: >> uciok
2025-08-15 16:44:41,293 chess.engine (engine.py:947) DEBUG <UciProtocol (pid=30250)>: Process exited
2025-08-15 16:44:41,293 chess.engine (engine.py:934) DEBUG <UciProtocol (pid=30250)>: Connection lost (exit code: -9, error: None)
2025-08-15 16:44:41,293 lib.lichess_bot (lichess_bot.py:1255) ERROR Quitting lichess-bot due to an error:
Traceback (most recent call last):
  File "/Users/peter/work/chessna/lichess-bot/lib/python3.13/site-packages/chess/engine.py", line 1457, in _setoption
    value = self.options[name].parse(value)
            ~~~~~~~~~~~~^^^^^^
  File "/Users/peter/work/chessna/lichess-bot/lib/python3.13/site-packages/chess/engine.py", line 1937, in __getitem__
    return self._store[key.lower()][1]
           ~~~~~~~~~~~^^^^^^^^^^^^^
KeyError: 'move overhead'

During handling of the above exception, another exception occurred:

Traceback (most recent call last):
  File "/Users/peter/work/chessna/lichess-bot/lib/lichess_bot.py", line 1246, in start_program
    start_lichess_bot()
    ~~~~~~~~~~~~~~~~~^^
  File "/Users/peter/work/chessna/lichess-bot/lib/lichess_bot.py", line 1181, in start_lichess_bot
    with engine_wrapper.create_engine(CONFIG):
         ~~~~~~~~~~~~~~~~~~~~~~~~~~~~^^^^^^^^
  File "/Users/peter/work/chessna/lichess-bot/lib/engine_wrapper.py", line 70, in create_engine
    return Engine(commands, options, stderr, cfg.draw_or_resign, game, cwd=cfg.working_dir)
  File "/Users/peter/work/chessna/lichess-bot/lib/engine_wrapper.py", line 495, in __init__
    self.configure(options, game)
    ~~~~~~~~~~~~~~^^^^^^^^^^^^^^^
  File "/Users/peter/work/chessna/lichess-bot/lib/engine_wrapper.py", line 111, in configure
    self.engine.configure(cast(OPTIONS_TYPE, options | extra_options))
    ~~~~~~~~~~~~~~~~~~~~~^^^^^^^^^^^^^^^^^^^^^^^^^^^^^^^^^^^^^^^^^^^^^
  File "/Users/peter/work/chessna/lichess-bot/lib/python3.13/site-packages/chess/engine.py", line 2958, in configure
    return future.result()
           ~~~~~~~~~~~~~^^
  File "/opt/homebrew/Cellar/python@3.13/3.13.6/Frameworks/Python.framework/Versions/3.13/lib/python3.13/concurrent/futures/_base.py", line 456, in result
    return self.__get_result()
           ~~~~~~~~~~~~~~~~~^^
  File "/opt/homebrew/Cellar/python@3.13/3.13.6/Frameworks/Python.framework/Versions/3.13/lib/python3.13/concurrent/futures/_base.py", line 401, in __get_result
    raise self._exception
  File "/opt/homebrew/Cellar/python@3.13/3.13.6/Frameworks/Python.framework/Versions/3.13/lib/python3.13/asyncio/tasks.py", line 507, in wait_for
    return await fut
           ^^^^^^^^^
  File "/Users/peter/work/chessna/lichess-bot/lib/python3.13/site-packages/chess/engine.py", line 1493, in configure
    return await self.communicate(UciConfigureCommand)
           ^^^^^^^^^^^^^^^^^^^^^^^^^^^^^^^^^^^^^^^^^^^
  File "/Users/peter/work/chessna/lichess-bot/lib/python3.13/site-packages/chess/engine.py", line 1021, in communicate
    return await command.result
           ^^^^^^^^^^^^^^^^^^^^
  File "/Users/peter/work/chessna/lichess-bot/lib/python3.13/site-packages/chess/engine.py", line 1287, in _start
    self.start()
    ~~~~~~~~~~^^
  File "/Users/peter/work/chessna/lichess-bot/lib/python3.13/site-packages/chess/engine.py", line 1488, in start
    self.engine._configure(options)
    ~~~~~~~~~~~~~~~~~~~~~~^^^^^^^^^
  File "/Users/peter/work/chessna/lichess-bot/lib/python3.13/site-packages/chess/engine.py", line 1479, in _configure
    self._setoption(name, value)
    ~~~~~~~~~~~~~~~^^^^^^^^^^^^^
  File "/Users/peter/work/chessna/lichess-bot/lib/python3.13/site-packages/chess/engine.py", line 1459, in _setoption
    raise EngineError("engine does not support option {} (available options: {})".format(name, ", ".join(self.options)))
chess.engine.EngineError: engine does not support option Move Overhead (available options: )
2025-08-15 16:44:55,432 lib.lichess_bot (lichess_bot.py:1174) INFO 
    .   _/|
    .  // o\
    .  || ._)  lichess-bot 2025.8.7.1 on Darwin 24.6.0
    .  //__\
    .  )___(   Play on Lichess with a bot
    
2025-08-15 16:44:55,444 lib.config (config.py:288) DEBUG Config:
token: logger
url: https://lichess.org/
engine:
  dir: ../bin/
  name: chessna
  working_dir: ''
  protocol: uci
  ponder: true
  polyglot:
    enabled: false
    book:
      standard:
      - engines/book1.bin
      - engines/book2.bin
    min_weight: 1
    selection: weighted_random
    max_depth: 20
    normalization: none
  draw_or_resign:
    resign_enabled: false
    resign_score: -1000
    resign_for_egtb_minus_two: true
    resign_moves: 3
    offer_draw_enabled: true
    offer_draw_score: 0
    offer_draw_for_egtb_zero: true
    offer_draw_moves: 10
    offer_draw_pieces: 10
  online_moves:
    max_out_of_book_moves: 10
    max_retries: 2
    chessdb_book:
      enabled: false
      min_time: 20
      max_time: 10800
      move_quality: good
      min_depth: 20
    lichess_cloud_analysis:
      enabled: false
      min_time: 20
      max_time: 10800
      move_quality: best
      max_score_difference: 50
      min_depth: 20
      min_knodes: 0
    lichess_opening_explorer:
      enabled: false
      min_time: 20
      max_time: 10800
      source: masters
      player_name: ''
      sort: winrate
      min_games: 10
    online_egtb:
      enabled: false
      min_time: 20
      max_time: 10800
      max_pieces: 7
      source: lichess
      move_quality: best
  lichess_bot_tbs:
    syzygy:
      enabled: false
      paths:
      - engines/syzygy
      max_pieces: 7
      move_quality: best
    gaviota:
      enabled: false
      paths:
      - engines/gaviota
      max_pieces: 5
      min_dtm_to_consider_as_wdl_1: 120
      move_quality: best
  homemade_options: null
  uci_options:
    Move Overhead: 100
    Threads: 4
    Hash: 512
    SyzygyPath: ./syzygy/
    UCI_ShowWDL: true
  silence_stderr: false
abort_time: 30
fake_think_time: false
rate_limiting_delay: 0
move_overhead: 2000
max_takebacks_accepted: 0
quit_after_all_games_finish: false
correspondence:
  move_time: 60
  checkin_period: 300
  disconnect_time: 150
  ponder: false
challenge:
  concurrency: 1
  sort_by: best
  preference: none
  accept_bot: true
  only_bot: false
  max_increment: 20
  min_increment: 0
  max_base: 1800
  min_base: 0
  max_days: 14
  min_days: 1
  variants:
  - standard
  time_controls:
  - bullet
  - blitz
  - rapid
  - classical
  modes:
  - casual
  - rated
  bullet_requires_increment: false
  max_simultaneous_games_per_user: 5
greeting:
  hello: Hi! I'm {me}. Good luck! Type !help for a list of commands I can respond
    to.
  goodbye: Good game!
  hello_spectators: Hi! I'm {me}. Type !help for a list of commands I can respond
    to.
  goodbye_spectators: Thanks for watching!
matchmaking:
  allow_matchmaking: false
  allow_during_games: false
  challenge_variant: random
  challenge_timeout: 30
  challenge_initial_time:
  - 60
  - 180
  challenge_increment:
  - 1
  - 2
  opponent_rating_difference: 300
  rating_preference: none
  challenge_mode: random
  challenge_filter: none
  include_challenge_block_list: false

2025-08-15 16:44:55,444 lib.config (config.py:289) DEBUG ====================
2025-08-15 16:44:55,447 lib.config (config.py:288) DEBUG Config:
token: logger
url: https://lichess.org/
engine:
  dir: ../bin/
  name: chessna
  working_dir: /Users/peter/work/chessna/lichess-bot
  protocol: uci
  ponder: true
  polyglot:
    enabled: false
    book:
      standard:
      - engines/book1.bin
      - engines/book2.bin
    min_weight: 1
    selection: weighted_random
    max_depth: 20
    normalization: none
  draw_or_resign:
    resign_enabled: false
    resign_score: -1000
    resign_for_egtb_minus_two: true
    resign_moves: 3
    offer_draw_enabled: true
    offer_draw_score: 0
    offer_draw_for_egtb_zero: true
    offer_draw_moves: 10
    offer_draw_pieces: 10
  online_moves:
    max_out_of_book_moves: 10
    max_retries: 2
    chessdb_book:
      enabled: false
      min_time: 20
      max_time: 10800
      move_quality: good
      min_depth: 20
    lichess_cloud_analysis:
      enabled: false
      min_time: 20
      max_time: 10800
      move_quality: best
      max_score_difference: 50
      min_depth: 20
      min_knodes: 0
    lichess_opening_explorer:
      enabled: false
      min_time: 20
      max_time: 10800
      source: masters
      player_name: ''
      sort: winrate
      min_games: 10
    online_egtb:
      enabled: false
      min_time: 20
      max_time: 10800
      max_pieces: 7
      source: lichess
      move_quality: best
    max_depth: .inf
  lichess_bot_tbs:
    syzygy:
      enabled: false
      paths:
      - engines/syzygy
      max_pieces: 7
      move_quality: best
    gaviota:
      enabled: false
      paths:
      - engines/gaviota
      max_pieces: 5
      min_dtm_to_consider_as_wdl_1: 120
      move_quality: best
  homemade_options: null
  uci_options:
    Move Overhead: 100
    Threads: 4
    Hash: 512
    SyzygyPath: ./syzygy/
    UCI_ShowWDL: true
  silence_stderr: false
  interpreter: null
  interpreter_options: []
  uci_ponder: false
abort_time: 30
fake_think_time: false
rate_limiting_delay: 0
move_overhead: 2000
max_takebacks_accepted: 0
quit_after_all_games_finish: false
correspondence:
  move_time: 60
  checkin_period: 300
  disconnect_time: 150
  ponder: false
  uci_ponder: false
challenge:
  concurrency: 1
  sort_by: best
  preference: none
  accept_bot: true
  only_bot: false
  max_increment: 20
  min_increment: 0
  max_base: 1800
  min_base: 0
  max_days: 14
  min_days: 1
  variants:
  - standard
  time_controls:
  - bullet
  - blitz
  - rapid
  - classical
  modes:
  - casual
  - rated
  bullet_requires_increment: false
  max_simultaneous_games_per_user: 5
  block_list: []
  online_block_list: []
  allow_list: []
greeting:
  hello: Hi! I'm {me}. Good luck! Type !help for a list of commands I can respond
    to.
  goodbye: Good game!
  hello_spectators: Hi! I'm {me}. Type !help for a list of commands I can respond
    to.
  goodbye_spectators: Thanks for watching!
matchmaking:
  allow_matchmaking: false
  allow_during_games: false
  challenge_variant: random
  challenge_timeout: 30
  challenge_initial_time:
  - 60
  - 180
  challenge_increment:
  - 1
  - 2
  opponent_rating_difference: 300
  rating_preference: none
  challenge_mode: random
  challenge_filter: none
  include_challenge_block_list: false
  block_list: []
  online_block_list: []
  challenge_days:
  - null
  opponent_min_rating: 600
  opponent_max_rating: 4000
  overrides: {}
pgn_directory: null
pgn_file_grouping: game

2025-08-15 16:44:55,447 lib.config (config.py:289) DEBUG ====================
2025-08-15 16:44:55,450 lib.lichess_bot (lichess_bot.py:1180) INFO Checking engine configuration ...
2025-08-15 16:44:55,452 lib.engine_wrapper (engine_wrapper.py:69) DEBUG Starting engine: ['/Users/peter/work/chessna/bin/chessna']
2025-08-15 16:44:55,452 asyncio (selector_events.py:64) DEBUG Using selector: KqueueSelector
2025-08-15 16:44:55,454 chess.engine (engine.py:928) DEBUG <UciProtocol (pid=30252)>: Connection made
2025-08-15 16:44:55,454 chess.engine (engine.py:950) DEBUG <UciProtocol (pid=30252)>: << uci
2025-08-15 16:44:55,455 chess.engine (engine.py:976) DEBUG <UciProtocol (pid=30252)>: >> id name CHESSna 2 Version 0.01 alpha
2025-08-15 16:44:55,455 chess.engine (engine.py:976) DEBUG <UciProtocol (pid=30252)>: >> id author Peter Schneider
2025-08-15 16:44:55,455 chess.engine (engine.py:976) DEBUG <UciProtocol (pid=30252)>: >> uciok
2025-08-15 16:44:55,456 chess.engine (engine.py:947) DEBUG <UciProtocol (pid=30252)>: Process exited
2025-08-15 16:44:55,456 chess.engine (engine.py:934) DEBUG <UciProtocol (pid=30252)>: Connection lost (exit code: -9, error: None)
2025-08-15 16:44:55,455 lib.lichess_bot (lichess_bot.py:1255) ERROR Quitting lichess-bot due to an error:
Traceback (most recent call last):
  File "/Users/peter/work/chessna/lichess-bot/lib/python3.13/site-packages/chess/engine.py", line 1457, in _setoption
    value = self.options[name].parse(value)
            ~~~~~~~~~~~~^^^^^^
  File "/Users/peter/work/chessna/lichess-bot/lib/python3.13/site-packages/chess/engine.py", line 1937, in __getitem__
    return self._store[key.lower()][1]
           ~~~~~~~~~~~^^^^^^^^^^^^^
KeyError: 'move overhead'

During handling of the above exception, another exception occurred:

Traceback (most recent call last):
  File "/Users/peter/work/chessna/lichess-bot/lib/lichess_bot.py", line 1246, in start_program
    start_lichess_bot()
    ~~~~~~~~~~~~~~~~~^^
  File "/Users/peter/work/chessna/lichess-bot/lib/lichess_bot.py", line 1181, in start_lichess_bot
    with engine_wrapper.create_engine(CONFIG):
         ~~~~~~~~~~~~~~~~~~~~~~~~~~~~^^^^^^^^
  File "/Users/peter/work/chessna/lichess-bot/lib/engine_wrapper.py", line 70, in create_engine
    return Engine(commands, options, stderr, cfg.draw_or_resign, game, cwd=cfg.working_dir)
  File "/Users/peter/work/chessna/lichess-bot/lib/engine_wrapper.py", line 495, in __init__
    self.configure(options, game)
    ~~~~~~~~~~~~~~^^^^^^^^^^^^^^^
  File "/Users/peter/work/chessna/lichess-bot/lib/engine_wrapper.py", line 111, in configure
    self.engine.configure(cast(OPTIONS_TYPE, options | extra_options))
    ~~~~~~~~~~~~~~~~~~~~~^^^^^^^^^^^^^^^^^^^^^^^^^^^^^^^^^^^^^^^^^^^^^
  File "/Users/peter/work/chessna/lichess-bot/lib/python3.13/site-packages/chess/engine.py", line 2958, in configure
    return future.result()
           ~~~~~~~~~~~~~^^
  File "/opt/homebrew/Cellar/python@3.13/3.13.6/Frameworks/Python.framework/Versions/3.13/lib/python3.13/concurrent/futures/_base.py", line 456, in result
    return self.__get_result()
           ~~~~~~~~~~~~~~~~~^^
  File "/opt/homebrew/Cellar/python@3.13/3.13.6/Frameworks/Python.framework/Versions/3.13/lib/python3.13/concurrent/futures/_base.py", line 401, in __get_result
    raise self._exception
  File "/opt/homebrew/Cellar/python@3.13/3.13.6/Frameworks/Python.framework/Versions/3.13/lib/python3.13/asyncio/tasks.py", line 507, in wait_for
    return await fut
           ^^^^^^^^^
  File "/Users/peter/work/chessna/lichess-bot/lib/python3.13/site-packages/chess/engine.py", line 1493, in configure
    return await self.communicate(UciConfigureCommand)
           ^^^^^^^^^^^^^^^^^^^^^^^^^^^^^^^^^^^^^^^^^^^
  File "/Users/peter/work/chessna/lichess-bot/lib/python3.13/site-packages/chess/engine.py", line 1021, in communicate
    return await command.result
           ^^^^^^^^^^^^^^^^^^^^
  File "/Users/peter/work/chessna/lichess-bot/lib/python3.13/site-packages/chess/engine.py", line 1287, in _start
    self.start()
    ~~~~~~~~~~^^
  File "/Users/peter/work/chessna/lichess-bot/lib/python3.13/site-packages/chess/engine.py", line 1488, in start
    self.engine._configure(options)
    ~~~~~~~~~~~~~~~~~~~~~~^^^^^^^^^
  File "/Users/peter/work/chessna/lichess-bot/lib/python3.13/site-packages/chess/engine.py", line 1479, in _configure
    self._setoption(name, value)
    ~~~~~~~~~~~~~~~^^^^^^^^^^^^^
  File "/Users/peter/work/chessna/lichess-bot/lib/python3.13/site-packages/chess/engine.py", line 1459, in _setoption
    raise EngineError("engine does not support option {} (available options: {})".format(name, ", ".join(self.options)))
chess.engine.EngineError: engine does not support option Move Overhead (available options: )
2025-08-15 16:45:57,559 lib.lichess_bot (lichess_bot.py:1174) INFO 
    .   _/|
    .  // o\
    .  || ._)  lichess-bot 2025.8.7.1 on Darwin 24.6.0
    .  //__\
    .  )___(   Play on Lichess with a bot
    
2025-08-15 16:45:57,571 lib.config (config.py:288) DEBUG Config:
token: logger
url: https://lichess.org/
engine:
  dir: ../bin/
  name: chessna
  working_dir: ''
  protocol: uci
  ponder: false
  polyglot:
    enabled: false
    book:
      standard:
      - engines/book1.bin
      - engines/book2.bin
    min_weight: 1
    selection: weighted_random
    max_depth: 20
    normalization: none
  draw_or_resign:
    resign_enabled: false
    resign_score: -1000
    resign_for_egtb_minus_two: true
    resign_moves: 3
    offer_draw_enabled: true
    offer_draw_score: 0
    offer_draw_for_egtb_zero: true
    offer_draw_moves: 10
    offer_draw_pieces: 10
  online_moves:
    max_out_of_book_moves: 10
    max_retries: 2
    chessdb_book:
      enabled: false
      min_time: 20
      max_time: 10800
      move_quality: good
      min_depth: 20
    lichess_cloud_analysis:
      enabled: false
      min_time: 20
      max_time: 10800
      move_quality: best
      max_score_difference: 50
      min_depth: 20
      min_knodes: 0
    lichess_opening_explorer:
      enabled: false
      min_time: 20
      max_time: 10800
      source: masters
      player_name: ''
      sort: winrate
      min_games: 10
    online_egtb:
      enabled: false
      min_time: 20
      max_time: 10800
      max_pieces: 7
      source: lichess
      move_quality: best
  lichess_bot_tbs:
    syzygy:
      enabled: false
      paths:
      - engines/syzygy
      max_pieces: 7
      move_quality: best
    gaviota:
      enabled: false
      paths:
      - engines/gaviota
      max_pieces: 5
      min_dtm_to_consider_as_wdl_1: 120
      move_quality: best
  homemade_options: null
  uci_options:
    Move Overhead: 100
    Threads: 4
    Hash: 512
    SyzygyPath: ./syzygy/
    UCI_ShowWDL: true
  silence_stderr: false
abort_time: 30
fake_think_time: false
rate_limiting_delay: 0
move_overhead: 2000
max_takebacks_accepted: 0
quit_after_all_games_finish: false
correspondence:
  move_time: 60
  checkin_period: 300
  disconnect_time: 150
  ponder: false
challenge:
  concurrency: 1
  sort_by: best
  preference: none
  accept_bot: true
  only_bot: false
  max_increment: 20
  min_increment: 0
  max_base: 1800
  min_base: 0
  max_days: 14
  min_days: 1
  variants:
  - standard
  time_controls:
  - bullet
  - blitz
  - rapid
  - classical
  modes:
  - casual
  - rated
  bullet_requires_increment: false
  max_simultaneous_games_per_user: 5
greeting:
  hello: Hi! I'm {me}. Good luck! Type !help for a list of commands I can respond
    to.
  goodbye: Good game!
  hello_spectators: Hi! I'm {me}. Type !help for a list of commands I can respond
    to.
  goodbye_spectators: Thanks for watching!
matchmaking:
  allow_matchmaking: false
  allow_during_games: false
  challenge_variant: random
  challenge_timeout: 30
  challenge_initial_time:
  - 60
  - 180
  challenge_increment:
  - 1
  - 2
  opponent_rating_difference: 300
  rating_preference: none
  challenge_mode: random
  challenge_filter: none
  include_challenge_block_list: false

2025-08-15 16:45:57,571 lib.config (config.py:289) DEBUG ====================
2025-08-15 16:45:57,574 lib.config (config.py:288) DEBUG Config:
token: logger
url: https://lichess.org/
engine:
  dir: ../bin/
  name: chessna
  working_dir: /Users/peter/work/chessna/lichess-bot
  protocol: uci
  ponder: false
  polyglot:
    enabled: false
    book:
      standard:
      - engines/book1.bin
      - engines/book2.bin
    min_weight: 1
    selection: weighted_random
    max_depth: 20
    normalization: none
  draw_or_resign:
    resign_enabled: false
    resign_score: -1000
    resign_for_egtb_minus_two: true
    resign_moves: 3
    offer_draw_enabled: true
    offer_draw_score: 0
    offer_draw_for_egtb_zero: true
    offer_draw_moves: 10
    offer_draw_pieces: 10
  online_moves:
    max_out_of_book_moves: 10
    max_retries: 2
    chessdb_book:
      enabled: false
      min_time: 20
      max_time: 10800
      move_quality: good
      min_depth: 20
    lichess_cloud_analysis:
      enabled: false
      min_time: 20
      max_time: 10800
      move_quality: best
      max_score_difference: 50
      min_depth: 20
      min_knodes: 0
    lichess_opening_explorer:
      enabled: false
      min_time: 20
      max_time: 10800
      source: masters
      player_name: ''
      sort: winrate
      min_games: 10
    online_egtb:
      enabled: false
      min_time: 20
      max_time: 10800
      max_pieces: 7
      source: lichess
      move_quality: best
    max_depth: .inf
  lichess_bot_tbs:
    syzygy:
      enabled: false
      paths:
      - engines/syzygy
      max_pieces: 7
      move_quality: best
    gaviota:
      enabled: false
      paths:
      - engines/gaviota
      max_pieces: 5
      min_dtm_to_consider_as_wdl_1: 120
      move_quality: best
  homemade_options: null
  uci_options:
    Move Overhead: 100
    Threads: 4
    Hash: 512
    SyzygyPath: ./syzygy/
    UCI_ShowWDL: true
  silence_stderr: false
  interpreter: null
  interpreter_options: []
  uci_ponder: false
abort_time: 30
fake_think_time: false
rate_limiting_delay: 0
move_overhead: 2000
max_takebacks_accepted: 0
quit_after_all_games_finish: false
correspondence:
  move_time: 60
  checkin_period: 300
  disconnect_time: 150
  ponder: false
  uci_ponder: false
challenge:
  concurrency: 1
  sort_by: best
  preference: none
  accept_bot: true
  only_bot: false
  max_increment: 20
  min_increment: 0
  max_base: 1800
  min_base: 0
  max_days: 14
  min_days: 1
  variants:
  - standard
  time_controls:
  - bullet
  - blitz
  - rapid
  - classical
  modes:
  - casual
  - rated
  bullet_requires_increment: false
  max_simultaneous_games_per_user: 5
  block_list: []
  online_block_list: []
  allow_list: []
greeting:
  hello: Hi! I'm {me}. Good luck! Type !help for a list of commands I can respond
    to.
  goodbye: Good game!
  hello_spectators: Hi! I'm {me}. Type !help for a list of commands I can respond
    to.
  goodbye_spectators: Thanks for watching!
matchmaking:
  allow_matchmaking: false
  allow_during_games: false
  challenge_variant: random
  challenge_timeout: 30
  challenge_initial_time:
  - 60
  - 180
  challenge_increment:
  - 1
  - 2
  opponent_rating_difference: 300
  rating_preference: none
  challenge_mode: random
  challenge_filter: none
  include_challenge_block_list: false
  block_list: []
  online_block_list: []
  challenge_days:
  - null
  opponent_min_rating: 600
  opponent_max_rating: 4000
  overrides: {}
pgn_directory: null
pgn_file_grouping: game

2025-08-15 16:45:57,574 lib.config (config.py:289) DEBUG ====================
2025-08-15 16:45:57,577 lib.lichess_bot (lichess_bot.py:1180) INFO Checking engine configuration ...
2025-08-15 16:45:57,578 lib.engine_wrapper (engine_wrapper.py:69) DEBUG Starting engine: ['/Users/peter/work/chessna/bin/chessna']
2025-08-15 16:45:57,578 asyncio (selector_events.py:64) DEBUG Using selector: KqueueSelector
2025-08-15 16:45:57,581 chess.engine (engine.py:928) DEBUG <UciProtocol (pid=30277)>: Connection made
2025-08-15 16:45:57,581 chess.engine (engine.py:950) DEBUG <UciProtocol (pid=30277)>: << uci
2025-08-15 16:45:57,582 chess.engine (engine.py:976) DEBUG <UciProtocol (pid=30277)>: >> id name CHESSna 2 Version 0.01 alpha
2025-08-15 16:45:57,582 chess.engine (engine.py:976) DEBUG <UciProtocol (pid=30277)>: >> id author Peter Schneider
2025-08-15 16:45:57,582 chess.engine (engine.py:976) DEBUG <UciProtocol (pid=30277)>: >> uciok
2025-08-15 16:45:57,583 chess.engine (engine.py:947) DEBUG <UciProtocol (pid=30277)>: Process exited
2025-08-15 16:45:57,583 chess.engine (engine.py:934) DEBUG <UciProtocol (pid=30277)>: Connection lost (exit code: -9, error: None)
2025-08-15 16:45:57,582 lib.lichess_bot (lichess_bot.py:1255) ERROR Quitting lichess-bot due to an error:
Traceback (most recent call last):
  File "/Users/peter/work/chessna/lichess-bot/lib/python3.13/site-packages/chess/engine.py", line 1457, in _setoption
    value = self.options[name].parse(value)
            ~~~~~~~~~~~~^^^^^^
  File "/Users/peter/work/chessna/lichess-bot/lib/python3.13/site-packages/chess/engine.py", line 1937, in __getitem__
    return self._store[key.lower()][1]
           ~~~~~~~~~~~^^^^^^^^^^^^^
KeyError: 'move overhead'

During handling of the above exception, another exception occurred:

Traceback (most recent call last):
  File "/Users/peter/work/chessna/lichess-bot/lib/lichess_bot.py", line 1246, in start_program
    start_lichess_bot()
    ~~~~~~~~~~~~~~~~~^^
  File "/Users/peter/work/chessna/lichess-bot/lib/lichess_bot.py", line 1181, in start_lichess_bot
    with engine_wrapper.create_engine(CONFIG):
         ~~~~~~~~~~~~~~~~~~~~~~~~~~~~^^^^^^^^
  File "/Users/peter/work/chessna/lichess-bot/lib/engine_wrapper.py", line 70, in create_engine
    return Engine(commands, options, stderr, cfg.draw_or_resign, game, cwd=cfg.working_dir)
  File "/Users/peter/work/chessna/lichess-bot/lib/engine_wrapper.py", line 495, in __init__
    self.configure(options, game)
    ~~~~~~~~~~~~~~^^^^^^^^^^^^^^^
  File "/Users/peter/work/chessna/lichess-bot/lib/engine_wrapper.py", line 111, in configure
    self.engine.configure(cast(OPTIONS_TYPE, options | extra_options))
    ~~~~~~~~~~~~~~~~~~~~~^^^^^^^^^^^^^^^^^^^^^^^^^^^^^^^^^^^^^^^^^^^^^
  File "/Users/peter/work/chessna/lichess-bot/lib/python3.13/site-packages/chess/engine.py", line 2958, in configure
    return future.result()
           ~~~~~~~~~~~~~^^
  File "/opt/homebrew/Cellar/python@3.13/3.13.6/Frameworks/Python.framework/Versions/3.13/lib/python3.13/concurrent/futures/_base.py", line 456, in result
    return self.__get_result()
           ~~~~~~~~~~~~~~~~~^^
  File "/opt/homebrew/Cellar/python@3.13/3.13.6/Frameworks/Python.framework/Versions/3.13/lib/python3.13/concurrent/futures/_base.py", line 401, in __get_result
    raise self._exception
  File "/opt/homebrew/Cellar/python@3.13/3.13.6/Frameworks/Python.framework/Versions/3.13/lib/python3.13/asyncio/tasks.py", line 507, in wait_for
    return await fut
           ^^^^^^^^^
  File "/Users/peter/work/chessna/lichess-bot/lib/python3.13/site-packages/chess/engine.py", line 1493, in configure
    return await self.communicate(UciConfigureCommand)
           ^^^^^^^^^^^^^^^^^^^^^^^^^^^^^^^^^^^^^^^^^^^
  File "/Users/peter/work/chessna/lichess-bot/lib/python3.13/site-packages/chess/engine.py", line 1021, in communicate
    return await command.result
           ^^^^^^^^^^^^^^^^^^^^
  File "/Users/peter/work/chessna/lichess-bot/lib/python3.13/site-packages/chess/engine.py", line 1287, in _start
    self.start()
    ~~~~~~~~~~^^
  File "/Users/peter/work/chessna/lichess-bot/lib/python3.13/site-packages/chess/engine.py", line 1488, in start
    self.engine._configure(options)
    ~~~~~~~~~~~~~~~~~~~~~~^^^^^^^^^
  File "/Users/peter/work/chessna/lichess-bot/lib/python3.13/site-packages/chess/engine.py", line 1479, in _configure
    self._setoption(name, value)
    ~~~~~~~~~~~~~~~^^^^^^^^^^^^^
  File "/Users/peter/work/chessna/lichess-bot/lib/python3.13/site-packages/chess/engine.py", line 1459, in _setoption
    raise EngineError("engine does not support option {} (available options: {})".format(name, ", ".join(self.options)))
chess.engine.EngineError: engine does not support option Move Overhead (available options: )
2025-08-15 16:46:47,820 lib.lichess_bot (lichess_bot.py:1174) INFO 
    .   _/|
    .  // o\
    .  || ._)  lichess-bot 2025.8.7.1 on Darwin 24.6.0
    .  //__\
    .  )___(   Play on Lichess with a bot
    
2025-08-15 16:46:47,832 lib.config (config.py:288) DEBUG Config:
token: logger
url: https://lichess.org/
engine:
  dir: ../bin/
  name: chessna
  working_dir: ''
  protocol: uci
  ponder: false
  polyglot:
    enabled: false
    book:
      standard:
      - engines/book1.bin
      - engines/book2.bin
    min_weight: 1
    selection: weighted_random
    max_depth: 20
    normalization: none
  draw_or_resign:
    resign_enabled: false
    resign_score: -1000
    resign_for_egtb_minus_two: true
    resign_moves: 3
    offer_draw_enabled: true
    offer_draw_score: 0
    offer_draw_for_egtb_zero: true
    offer_draw_moves: 10
    offer_draw_pieces: 10
  online_moves:
    max_out_of_book_moves: 10
    max_retries: 2
    chessdb_book:
      enabled: false
      min_time: 20
      max_time: 10800
      move_quality: good
      min_depth: 20
    lichess_cloud_analysis:
      enabled: false
      min_time: 20
      max_time: 10800
      move_quality: best
      max_score_difference: 50
      min_depth: 20
      min_knodes: 0
    lichess_opening_explorer:
      enabled: false
      min_time: 20
      max_time: 10800
      source: masters
      player_name: ''
      sort: winrate
      min_games: 10
    online_egtb:
      enabled: false
      min_time: 20
      max_time: 10800
      max_pieces: 7
      source: lichess
      move_quality: best
  lichess_bot_tbs:
    syzygy:
      enabled: false
      paths:
      - engines/syzygy
      max_pieces: 7
      move_quality: best
    gaviota:
      enabled: false
      paths:
      - engines/gaviota
      max_pieces: 5
      min_dtm_to_consider_as_wdl_1: 120
      move_quality: best
  homemade_options: null
  silence_stderr: false
abort_time: 30
fake_think_time: false
rate_limiting_delay: 0
move_overhead: 2000
max_takebacks_accepted: 0
quit_after_all_games_finish: false
correspondence:
  move_time: 60
  checkin_period: 300
  disconnect_time: 150
  ponder: false
challenge:
  concurrency: 1
  sort_by: best
  preference: none
  accept_bot: true
  only_bot: false
  max_increment: 20
  min_increment: 0
  max_base: 1800
  min_base: 0
  max_days: 14
  min_days: 1
  variants:
  - standard
  time_controls:
  - bullet
  - blitz
  - rapid
  - classical
  modes:
  - casual
  - rated
  bullet_requires_increment: false
  max_simultaneous_games_per_user: 5
greeting:
  hello: Hi! I'm {me}. Good luck! Type !help for a list of commands I can respond
    to.
  goodbye: Good game!
  hello_spectators: Hi! I'm {me}. Type !help for a list of commands I can respond
    to.
  goodbye_spectators: Thanks for watching!
matchmaking:
  allow_matchmaking: false
  allow_during_games: false
  challenge_variant: random
  challenge_timeout: 30
  challenge_initial_time:
  - 60
  - 180
  challenge_increment:
  - 1
  - 2
  opponent_rating_difference: 300
  rating_preference: none
  challenge_mode: random
  challenge_filter: none
  include_challenge_block_list: false

2025-08-15 16:46:47,832 lib.config (config.py:289) DEBUG ====================
2025-08-15 16:46:47,835 lib.config (config.py:288) DEBUG Config:
token: logger
url: https://lichess.org/
engine:
  dir: ../bin/
  name: chessna
  working_dir: /Users/peter/work/chessna/lichess-bot
  protocol: uci
  ponder: false
  polyglot:
    enabled: false
    book:
      standard:
      - engines/book1.bin
      - engines/book2.bin
    min_weight: 1
    selection: weighted_random
    max_depth: 20
    normalization: none
  draw_or_resign:
    resign_enabled: false
    resign_score: -1000
    resign_for_egtb_minus_two: true
    resign_moves: 3
    offer_draw_enabled: true
    offer_draw_score: 0
    offer_draw_for_egtb_zero: true
    offer_draw_moves: 10
    offer_draw_pieces: 10
  online_moves:
    max_out_of_book_moves: 10
    max_retries: 2
    chessdb_book:
      enabled: false
      min_time: 20
      max_time: 10800
      move_quality: good
      min_depth: 20
    lichess_cloud_analysis:
      enabled: false
      min_time: 20
      max_time: 10800
      move_quality: best
      max_score_difference: 50
      min_depth: 20
      min_knodes: 0
    lichess_opening_explorer:
      enabled: false
      min_time: 20
      max_time: 10800
      source: masters
      player_name: ''
      sort: winrate
      min_games: 10
    online_egtb:
      enabled: false
      min_time: 20
      max_time: 10800
      max_pieces: 7
      source: lichess
      move_quality: best
    max_depth: .inf
  lichess_bot_tbs:
    syzygy:
      enabled: false
      paths:
      - engines/syzygy
      max_pieces: 7
      move_quality: best
    gaviota:
      enabled: false
      paths:
      - engines/gaviota
      max_pieces: 5
      min_dtm_to_consider_as_wdl_1: 120
      move_quality: best
  homemade_options: null
  silence_stderr: false
  interpreter: null
  interpreter_options: []
  uci_ponder: false
abort_time: 30
fake_think_time: false
rate_limiting_delay: 0
move_overhead: 2000
max_takebacks_accepted: 0
quit_after_all_games_finish: false
correspondence:
  move_time: 60
  checkin_period: 300
  disconnect_time: 150
  ponder: false
  uci_ponder: false
challenge:
  concurrency: 1
  sort_by: best
  preference: none
  accept_bot: true
  only_bot: false
  max_increment: 20
  min_increment: 0
  max_base: 1800
  min_base: 0
  max_days: 14
  min_days: 1
  variants:
  - standard
  time_controls:
  - bullet
  - blitz
  - rapid
  - classical
  modes:
  - casual
  - rated
  bullet_requires_increment: false
  max_simultaneous_games_per_user: 5
  block_list: []
  online_block_list: []
  allow_list: []
greeting:
  hello: Hi! I'm {me}. Good luck! Type !help for a list of commands I can respond
    to.
  goodbye: Good game!
  hello_spectators: Hi! I'm {me}. Type !help for a list of commands I can respond
    to.
  goodbye_spectators: Thanks for watching!
matchmaking:
  allow_matchmaking: false
  allow_during_games: false
  challenge_variant: random
  challenge_timeout: 30
  challenge_initial_time:
  - 60
  - 180
  challenge_increment:
  - 1
  - 2
  opponent_rating_difference: 300
  rating_preference: none
  challenge_mode: random
  challenge_filter: none
  include_challenge_block_list: false
  block_list: []
  online_block_list: []
  challenge_days:
  - null
  opponent_min_rating: 600
  opponent_max_rating: 4000
  overrides: {}
pgn_directory: null
pgn_file_grouping: game

2025-08-15 16:46:47,835 lib.config (config.py:289) DEBUG ====================
2025-08-15 16:46:47,838 lib.lichess_bot (lichess_bot.py:1180) INFO Checking engine configuration ...
2025-08-15 16:46:47,839 lib.engine_wrapper (engine_wrapper.py:69) DEBUG Starting engine: ['/Users/peter/work/chessna/bin/chessna']
2025-08-15 16:46:47,839 asyncio (selector_events.py:64) DEBUG Using selector: KqueueSelector
2025-08-15 16:46:47,842 chess.engine (engine.py:928) DEBUG <UciProtocol (pid=30310)>: Connection made
2025-08-15 16:46:47,842 chess.engine (engine.py:950) DEBUG <UciProtocol (pid=30310)>: << uci
2025-08-15 16:46:47,843 chess.engine (engine.py:976) DEBUG <UciProtocol (pid=30310)>: >> id name CHESSna 2 Version 0.01 alpha
2025-08-15 16:46:47,843 chess.engine (engine.py:976) DEBUG <UciProtocol (pid=30310)>: >> id author Peter Schneider
2025-08-15 16:46:47,843 chess.engine (engine.py:976) DEBUG <UciProtocol (pid=30310)>: >> uciok
2025-08-15 16:46:47,843 chess.engine (engine.py:950) DEBUG <UciProtocol (pid=30310)>: << isready
2025-08-15 16:46:47,843 chess.engine (engine.py:976) DEBUG <UciProtocol (pid=30310)>: >> readyok
2025-08-15 16:46:47,843 chess.engine (engine.py:950) DEBUG <UciProtocol (pid=30310)>: << quit
2025-08-15 16:46:47,844 chess.engine (engine.py:947) DEBUG <UciProtocol (pid=30310)>: Process exited
2025-08-15 16:46:47,844 chess.engine (engine.py:934) DEBUG <UciProtocol (pid=30310)>: Connection lost (exit code: 0, error: None)
2025-08-15 16:46:47,844 lib.lichess_bot (lichess_bot.py:1183) INFO Engine configuration OK
2025-08-15 16:46:47,844 lib.lichess_bot (lichess_bot.py:1153) DEBUG Python version: 3.13.6.final.0
2025-08-15 16:46:47,852 lib.lichess_bot (lichess_bot.py:1159) DEBUG Installed libraries:
pip==25.2
idna==3.10
urllib3==2.5.0
charset-normalizer==3.4.3
requests==2.32.4
typing_extensions==4.14.1
certifi==2025.8.3
rich==14.1.0
markdown-it-py==4.0.0
wrapt==1.17.3
Deprecated==1.2.18
mdurl==0.1.2
python-dateutil==2.9.0.post0
berserk==0.13.2
Pygments==2.19.2
chess==1.11.2
PyYAML==6.0.2
backoff==2.2.1
ndjson==0.3.1
six==1.17.0


2025-08-15 16:46:47,858 urllib3.connectionpool (connectionpool.py:1049) DEBUG Starting new HTTPS connection (1): lichess.org:443
2025-08-15 16:46:48,107 urllib3.connectionpool (connectionpool.py:544) DEBUG https://lichess.org:443 "POST /api/token/test HTTP/1.1" 200 None
2025-08-15 16:46:48,108 lib.lichess_bot (lichess_bot.py:1255) ERROR Quitting lichess-bot due to an error:
Traceback (most recent call last):
  File "/Users/peter/work/chessna/lichess-bot/lib/lichess_bot.py", line 1246, in start_program
    start_lichess_bot()
    ~~~~~~~~~~~~~~~~~^^
  File "/Users/peter/work/chessna/lichess-bot/lib/lichess_bot.py", line 1188, in start_lichess_bot
    li = lichess.Lichess(CONFIG.token, CONFIG.url, __version__, logging_level, max_retries)
  File "/Users/peter/work/chessna/lichess-bot/lib/lichess.py", line 115, in __init__
    raise RuntimeError("Token in config file is not recognized by lichess. "
                       "Please check that it was copied correctly into your configuration file.")
RuntimeError: Token in config file is not recognized by lichess. Please check that it was copied correctly into your configuration file.
2025-08-15 16:47:19,275 lib.lichess_bot (lichess_bot.py:1174) INFO 
    .   _/|
    .  // o\
    .  || ._)  lichess-bot 2025.8.7.1 on Darwin 24.6.0
    .  //__\
    .  )___(   Play on Lichess with a bot
    
2025-08-15 16:47:19,287 lib.config (config.py:288) DEBUG Config:
token: logger
url: https://lichess.org/
engine:
  dir: ../bin/
  name: chessna
  working_dir: ''
  protocol: uci
  ponder: false
  polyglot:
    enabled: false
    book:
      standard:
      - engines/book1.bin
      - engines/book2.bin
    min_weight: 1
    selection: weighted_random
    max_depth: 20
    normalization: none
  draw_or_resign:
    resign_enabled: false
    resign_score: -1000
    resign_for_egtb_minus_two: true
    resign_moves: 3
    offer_draw_enabled: true
    offer_draw_score: 0
    offer_draw_for_egtb_zero: true
    offer_draw_moves: 10
    offer_draw_pieces: 10
  online_moves:
    max_out_of_book_moves: 10
    max_retries: 2
    chessdb_book:
      enabled: false
      min_time: 20
      max_time: 10800
      move_quality: good
      min_depth: 20
    lichess_cloud_analysis:
      enabled: false
      min_time: 20
      max_time: 10800
      move_quality: best
      max_score_difference: 50
      min_depth: 20
      min_knodes: 0
    lichess_opening_explorer:
      enabled: false
      min_time: 20
      max_time: 10800
      source: masters
      player_name: ''
      sort: winrate
      min_games: 10
    online_egtb:
      enabled: false
      min_time: 20
      max_time: 10800
      max_pieces: 7
      source: lichess
      move_quality: best
  lichess_bot_tbs:
    syzygy:
      enabled: false
      paths:
      - engines/syzygy
      max_pieces: 7
      move_quality: best
    gaviota:
      enabled: false
      paths:
      - engines/gaviota
      max_pieces: 5
      min_dtm_to_consider_as_wdl_1: 120
      move_quality: best
  homemade_options: null
  uci_options:
    Move Overhead: 0
    Threads: 1
    Hash: 512
    UCI_ShowWDL: true
  silence_stderr: false
abort_time: 30
fake_think_time: false
rate_limiting_delay: 0
move_overhead: 2000
max_takebacks_accepted: 0
quit_after_all_games_finish: false
correspondence:
  move_time: 60
  checkin_period: 300
  disconnect_time: 150
  ponder: false
challenge:
  concurrency: 1
  sort_by: best
  preference: none
  accept_bot: true
  only_bot: false
  max_increment: 20
  min_increment: 0
  max_base: 1800
  min_base: 0
  max_days: 14
  min_days: 1
  variants:
  - standard
  time_controls:
  - bullet
  - blitz
  - rapid
  - classical
  modes:
  - casual
  - rated
  bullet_requires_increment: false
  max_simultaneous_games_per_user: 5
greeting:
  hello: Hi! I'm {me}. Good luck! Type !help for a list of commands I can respond
    to.
  goodbye: Good game!
  hello_spectators: Hi! I'm {me}. Type !help for a list of commands I can respond
    to.
  goodbye_spectators: Thanks for watching!
matchmaking:
  allow_matchmaking: false
  allow_during_games: false
  challenge_variant: random
  challenge_timeout: 30
  challenge_initial_time:
  - 60
  - 180
  challenge_increment:
  - 1
  - 2
  opponent_rating_difference: 300
  rating_preference: none
  challenge_mode: random
  challenge_filter: none
  include_challenge_block_list: false

2025-08-15 16:47:19,287 lib.config (config.py:289) DEBUG ====================
2025-08-15 16:47:19,290 lib.config (config.py:288) DEBUG Config:
token: logger
url: https://lichess.org/
engine:
  dir: ../bin/
  name: chessna
  working_dir: /Users/peter/work/chessna/lichess-bot
  protocol: uci
  ponder: false
  polyglot:
    enabled: false
    book:
      standard:
      - engines/book1.bin
      - engines/book2.bin
    min_weight: 1
    selection: weighted_random
    max_depth: 20
    normalization: none
  draw_or_resign:
    resign_enabled: false
    resign_score: -1000
    resign_for_egtb_minus_two: true
    resign_moves: 3
    offer_draw_enabled: true
    offer_draw_score: 0
    offer_draw_for_egtb_zero: true
    offer_draw_moves: 10
    offer_draw_pieces: 10
  online_moves:
    max_out_of_book_moves: 10
    max_retries: 2
    chessdb_book:
      enabled: false
      min_time: 20
      max_time: 10800
      move_quality: good
      min_depth: 20
    lichess_cloud_analysis:
      enabled: false
      min_time: 20
      max_time: 10800
      move_quality: best
      max_score_difference: 50
      min_depth: 20
      min_knodes: 0
    lichess_opening_explorer:
      enabled: false
      min_time: 20
      max_time: 10800
      source: masters
      player_name: ''
      sort: winrate
      min_games: 10
    online_egtb:
      enabled: false
      min_time: 20
      max_time: 10800
      max_pieces: 7
      source: lichess
      move_quality: best
    max_depth: .inf
  lichess_bot_tbs:
    syzygy:
      enabled: false
      paths:
      - engines/syzygy
      max_pieces: 7
      move_quality: best
    gaviota:
      enabled: false
      paths:
      - engines/gaviota
      max_pieces: 5
      min_dtm_to_consider_as_wdl_1: 120
      move_quality: best
  homemade_options: null
  uci_options:
    Move Overhead: 0
    Threads: 1
    Hash: 512
    UCI_ShowWDL: true
  silence_stderr: false
  interpreter: null
  interpreter_options: []
  uci_ponder: false
abort_time: 30
fake_think_time: false
rate_limiting_delay: 0
move_overhead: 2000
max_takebacks_accepted: 0
quit_after_all_games_finish: false
correspondence:
  move_time: 60
  checkin_period: 300
  disconnect_time: 150
  ponder: false
  uci_ponder: false
challenge:
  concurrency: 1
  sort_by: best
  preference: none
  accept_bot: true
  only_bot: false
  max_increment: 20
  min_increment: 0
  max_base: 1800
  min_base: 0
  max_days: 14
  min_days: 1
  variants:
  - standard
  time_controls:
  - bullet
  - blitz
  - rapid
  - classical
  modes:
  - casual
  - rated
  bullet_requires_increment: false
  max_simultaneous_games_per_user: 5
  block_list: []
  online_block_list: []
  allow_list: []
greeting:
  hello: Hi! I'm {me}. Good luck! Type !help for a list of commands I can respond
    to.
  goodbye: Good game!
  hello_spectators: Hi! I'm {me}. Type !help for a list of commands I can respond
    to.
  goodbye_spectators: Thanks for watching!
matchmaking:
  allow_matchmaking: false
  allow_during_games: false
  challenge_variant: random
  challenge_timeout: 30
  challenge_initial_time:
  - 60
  - 180
  challenge_increment:
  - 1
  - 2
  opponent_rating_difference: 300
  rating_preference: none
  challenge_mode: random
  challenge_filter: none
  include_challenge_block_list: false
  block_list: []
  online_block_list: []
  challenge_days:
  - null
  opponent_min_rating: 600
  opponent_max_rating: 4000
  overrides: {}
pgn_directory: null
pgn_file_grouping: game

2025-08-15 16:47:19,290 lib.config (config.py:289) DEBUG ====================
2025-08-15 16:47:19,293 lib.lichess_bot (lichess_bot.py:1180) INFO Checking engine configuration ...
2025-08-15 16:47:19,294 lib.engine_wrapper (engine_wrapper.py:69) DEBUG Starting engine: ['/Users/peter/work/chessna/bin/chessna']
2025-08-15 16:47:19,294 asyncio (selector_events.py:64) DEBUG Using selector: KqueueSelector
2025-08-15 16:47:19,297 chess.engine (engine.py:928) DEBUG <UciProtocol (pid=30359)>: Connection made
2025-08-15 16:47:19,297 chess.engine (engine.py:950) DEBUG <UciProtocol (pid=30359)>: << uci
2025-08-15 16:47:19,298 chess.engine (engine.py:976) DEBUG <UciProtocol (pid=30359)>: >> id name CHESSna 2 Version 0.01 alpha
2025-08-15 16:47:19,298 chess.engine (engine.py:976) DEBUG <UciProtocol (pid=30359)>: >> id author Peter Schneider
2025-08-15 16:47:19,298 chess.engine (engine.py:976) DEBUG <UciProtocol (pid=30359)>: >> uciok
2025-08-15 16:47:19,299 chess.engine (engine.py:947) DEBUG <UciProtocol (pid=30359)>: Process exited
2025-08-15 16:47:19,299 chess.engine (engine.py:934) DEBUG <UciProtocol (pid=30359)>: Connection lost (exit code: -9, error: None)
2025-08-15 16:47:19,298 lib.lichess_bot (lichess_bot.py:1255) ERROR Quitting lichess-bot due to an error:
Traceback (most recent call last):
  File "/Users/peter/work/chessna/lichess-bot/lib/python3.13/site-packages/chess/engine.py", line 1457, in _setoption
    value = self.options[name].parse(value)
            ~~~~~~~~~~~~^^^^^^
  File "/Users/peter/work/chessna/lichess-bot/lib/python3.13/site-packages/chess/engine.py", line 1937, in __getitem__
    return self._store[key.lower()][1]
           ~~~~~~~~~~~^^^^^^^^^^^^^
KeyError: 'move overhead'

During handling of the above exception, another exception occurred:

Traceback (most recent call last):
  File "/Users/peter/work/chessna/lichess-bot/lib/lichess_bot.py", line 1246, in start_program
    start_lichess_bot()
    ~~~~~~~~~~~~~~~~~^^
  File "/Users/peter/work/chessna/lichess-bot/lib/lichess_bot.py", line 1181, in start_lichess_bot
    with engine_wrapper.create_engine(CONFIG):
         ~~~~~~~~~~~~~~~~~~~~~~~~~~~~^^^^^^^^
  File "/Users/peter/work/chessna/lichess-bot/lib/engine_wrapper.py", line 70, in create_engine
    return Engine(commands, options, stderr, cfg.draw_or_resign, game, cwd=cfg.working_dir)
  File "/Users/peter/work/chessna/lichess-bot/lib/engine_wrapper.py", line 495, in __init__
    self.configure(options, game)
    ~~~~~~~~~~~~~~^^^^^^^^^^^^^^^
  File "/Users/peter/work/chessna/lichess-bot/lib/engine_wrapper.py", line 111, in configure
    self.engine.configure(cast(OPTIONS_TYPE, options | extra_options))
    ~~~~~~~~~~~~~~~~~~~~~^^^^^^^^^^^^^^^^^^^^^^^^^^^^^^^^^^^^^^^^^^^^^
  File "/Users/peter/work/chessna/lichess-bot/lib/python3.13/site-packages/chess/engine.py", line 2958, in configure
    return future.result()
           ~~~~~~~~~~~~~^^
  File "/opt/homebrew/Cellar/python@3.13/3.13.6/Frameworks/Python.framework/Versions/3.13/lib/python3.13/concurrent/futures/_base.py", line 456, in result
    return self.__get_result()
           ~~~~~~~~~~~~~~~~~^^
  File "/opt/homebrew/Cellar/python@3.13/3.13.6/Frameworks/Python.framework/Versions/3.13/lib/python3.13/concurrent/futures/_base.py", line 401, in __get_result
    raise self._exception
  File "/opt/homebrew/Cellar/python@3.13/3.13.6/Frameworks/Python.framework/Versions/3.13/lib/python3.13/asyncio/tasks.py", line 507, in wait_for
    return await fut
           ^^^^^^^^^
  File "/Users/peter/work/chessna/lichess-bot/lib/python3.13/site-packages/chess/engine.py", line 1493, in configure
    return await self.communicate(UciConfigureCommand)
           ^^^^^^^^^^^^^^^^^^^^^^^^^^^^^^^^^^^^^^^^^^^
  File "/Users/peter/work/chessna/lichess-bot/lib/python3.13/site-packages/chess/engine.py", line 1021, in communicate
    return await command.result
           ^^^^^^^^^^^^^^^^^^^^
  File "/Users/peter/work/chessna/lichess-bot/lib/python3.13/site-packages/chess/engine.py", line 1287, in _start
    self.start()
    ~~~~~~~~~~^^
  File "/Users/peter/work/chessna/lichess-bot/lib/python3.13/site-packages/chess/engine.py", line 1488, in start
    self.engine._configure(options)
    ~~~~~~~~~~~~~~~~~~~~~~^^^^^^^^^
  File "/Users/peter/work/chessna/lichess-bot/lib/python3.13/site-packages/chess/engine.py", line 1479, in _configure
    self._setoption(name, value)
    ~~~~~~~~~~~~~~~^^^^^^^^^^^^^
  File "/Users/peter/work/chessna/lichess-bot/lib/python3.13/site-packages/chess/engine.py", line 1459, in _setoption
    raise EngineError("engine does not support option {} (available options: {})".format(name, ", ".join(self.options)))
chess.engine.EngineError: engine does not support option Move Overhead (available options: )
2025-08-15 16:47:35,005 lib.lichess_bot (lichess_bot.py:1174) INFO 
    .   _/|
    .  // o\
    .  || ._)  lichess-bot 2025.8.7.1 on Darwin 24.6.0
    .  //__\
    .  )___(   Play on Lichess with a bot
    
2025-08-15 16:47:35,018 lib.config (config.py:288) DEBUG Config:
token: logger
url: https://lichess.org/
engine:
  dir: ../bin/
  name: chessna
  working_dir: ''
  protocol: uci
  ponder: false
  polyglot:
    enabled: false
    book:
      standard:
      - engines/book1.bin
      - engines/book2.bin
    min_weight: 1
    selection: weighted_random
    max_depth: 20
    normalization: none
  draw_or_resign:
    resign_enabled: false
    resign_score: -1000
    resign_for_egtb_minus_two: true
    resign_moves: 3
    offer_draw_enabled: true
    offer_draw_score: 0
    offer_draw_for_egtb_zero: true
    offer_draw_moves: 10
    offer_draw_pieces: 10
  online_moves:
    max_out_of_book_moves: 10
    max_retries: 2
    chessdb_book:
      enabled: false
      min_time: 20
      max_time: 10800
      move_quality: good
      min_depth: 20
    lichess_cloud_analysis:
      enabled: false
      min_time: 20
      max_time: 10800
      move_quality: best
      max_score_difference: 50
      min_depth: 20
      min_knodes: 0
    lichess_opening_explorer:
      enabled: false
      min_time: 20
      max_time: 10800
      source: masters
      player_name: ''
      sort: winrate
      min_games: 10
    online_egtb:
      enabled: false
      min_time: 20
      max_time: 10800
      max_pieces: 7
      source: lichess
      move_quality: best
  lichess_bot_tbs:
    syzygy:
      enabled: false
      paths:
      - engines/syzygy
      max_pieces: 7
      move_quality: best
    gaviota:
      enabled: false
      paths:
      - engines/gaviota
      max_pieces: 5
      min_dtm_to_consider_as_wdl_1: 120
      move_quality: best
  homemade_options: null
  uci_options:
    Threads: 1
    Hash: 512
    UCI_ShowWDL: true
  silence_stderr: false
abort_time: 30
fake_think_time: false
rate_limiting_delay: 0
move_overhead: 2000
max_takebacks_accepted: 0
quit_after_all_games_finish: false
correspondence:
  move_time: 60
  checkin_period: 300
  disconnect_time: 150
  ponder: false
challenge:
  concurrency: 1
  sort_by: best
  preference: none
  accept_bot: true
  only_bot: false
  max_increment: 20
  min_increment: 0
  max_base: 1800
  min_base: 0
  max_days: 14
  min_days: 1
  variants:
  - standard
  time_controls:
  - bullet
  - blitz
  - rapid
  - classical
  modes:
  - casual
  - rated
  bullet_requires_increment: false
  max_simultaneous_games_per_user: 5
greeting:
  hello: Hi! I'm {me}. Good luck! Type !help for a list of commands I can respond
    to.
  goodbye: Good game!
  hello_spectators: Hi! I'm {me}. Type !help for a list of commands I can respond
    to.
  goodbye_spectators: Thanks for watching!
matchmaking:
  allow_matchmaking: false
  allow_during_games: false
  challenge_variant: random
  challenge_timeout: 30
  challenge_initial_time:
  - 60
  - 180
  challenge_increment:
  - 1
  - 2
  opponent_rating_difference: 300
  rating_preference: none
  challenge_mode: random
  challenge_filter: none
  include_challenge_block_list: false

2025-08-15 16:47:35,018 lib.config (config.py:289) DEBUG ====================
2025-08-15 16:47:35,020 lib.config (config.py:288) DEBUG Config:
token: logger
url: https://lichess.org/
engine:
  dir: ../bin/
  name: chessna
  working_dir: /Users/peter/work/chessna/lichess-bot
  protocol: uci
  ponder: false
  polyglot:
    enabled: false
    book:
      standard:
      - engines/book1.bin
      - engines/book2.bin
    min_weight: 1
    selection: weighted_random
    max_depth: 20
    normalization: none
  draw_or_resign:
    resign_enabled: false
    resign_score: -1000
    resign_for_egtb_minus_two: true
    resign_moves: 3
    offer_draw_enabled: true
    offer_draw_score: 0
    offer_draw_for_egtb_zero: true
    offer_draw_moves: 10
    offer_draw_pieces: 10
  online_moves:
    max_out_of_book_moves: 10
    max_retries: 2
    chessdb_book:
      enabled: false
      min_time: 20
      max_time: 10800
      move_quality: good
      min_depth: 20
    lichess_cloud_analysis:
      enabled: false
      min_time: 20
      max_time: 10800
      move_quality: best
      max_score_difference: 50
      min_depth: 20
      min_knodes: 0
    lichess_opening_explorer:
      enabled: false
      min_time: 20
      max_time: 10800
      source: masters
      player_name: ''
      sort: winrate
      min_games: 10
    online_egtb:
      enabled: false
      min_time: 20
      max_time: 10800
      max_pieces: 7
      source: lichess
      move_quality: best
    max_depth: .inf
  lichess_bot_tbs:
    syzygy:
      enabled: false
      paths:
      - engines/syzygy
      max_pieces: 7
      move_quality: best
    gaviota:
      enabled: false
      paths:
      - engines/gaviota
      max_pieces: 5
      min_dtm_to_consider_as_wdl_1: 120
      move_quality: best
  homemade_options: null
  uci_options:
    Threads: 1
    Hash: 512
    UCI_ShowWDL: true
  silence_stderr: false
  interpreter: null
  interpreter_options: []
  uci_ponder: false
abort_time: 30
fake_think_time: false
rate_limiting_delay: 0
move_overhead: 2000
max_takebacks_accepted: 0
quit_after_all_games_finish: false
correspondence:
  move_time: 60
  checkin_period: 300
  disconnect_time: 150
  ponder: false
  uci_ponder: false
challenge:
  concurrency: 1
  sort_by: best
  preference: none
  accept_bot: true
  only_bot: false
  max_increment: 20
  min_increment: 0
  max_base: 1800
  min_base: 0
  max_days: 14
  min_days: 1
  variants:
  - standard
  time_controls:
  - bullet
  - blitz
  - rapid
  - classical
  modes:
  - casual
  - rated
  bullet_requires_increment: false
  max_simultaneous_games_per_user: 5
  block_list: []
  online_block_list: []
  allow_list: []
greeting:
  hello: Hi! I'm {me}. Good luck! Type !help for a list of commands I can respond
    to.
  goodbye: Good game!
  hello_spectators: Hi! I'm {me}. Type !help for a list of commands I can respond
    to.
  goodbye_spectators: Thanks for watching!
matchmaking:
  allow_matchmaking: false
  allow_during_games: false
  challenge_variant: random
  challenge_timeout: 30
  challenge_initial_time:
  - 60
  - 180
  challenge_increment:
  - 1
  - 2
  opponent_rating_difference: 300
  rating_preference: none
  challenge_mode: random
  challenge_filter: none
  include_challenge_block_list: false
  block_list: []
  online_block_list: []
  challenge_days:
  - null
  opponent_min_rating: 600
  opponent_max_rating: 4000
  overrides: {}
pgn_directory: null
pgn_file_grouping: game

2025-08-15 16:47:35,021 lib.config (config.py:289) DEBUG ====================
2025-08-15 16:47:35,023 lib.lichess_bot (lichess_bot.py:1180) INFO Checking engine configuration ...
2025-08-15 16:47:35,025 lib.engine_wrapper (engine_wrapper.py:69) DEBUG Starting engine: ['/Users/peter/work/chessna/bin/chessna']
2025-08-15 16:47:35,025 asyncio (selector_events.py:64) DEBUG Using selector: KqueueSelector
2025-08-15 16:47:35,027 chess.engine (engine.py:928) DEBUG <UciProtocol (pid=30387)>: Connection made
2025-08-15 16:47:35,027 chess.engine (engine.py:950) DEBUG <UciProtocol (pid=30387)>: << uci
2025-08-15 16:47:35,028 chess.engine (engine.py:976) DEBUG <UciProtocol (pid=30387)>: >> id name CHESSna 2 Version 0.01 alpha
2025-08-15 16:47:35,028 chess.engine (engine.py:976) DEBUG <UciProtocol (pid=30387)>: >> id author Peter Schneider
2025-08-15 16:47:35,028 chess.engine (engine.py:976) DEBUG <UciProtocol (pid=30387)>: >> uciok
2025-08-15 16:47:35,030 chess.engine (engine.py:947) DEBUG <UciProtocol (pid=30387)>: Process exited
2025-08-15 16:47:35,030 chess.engine (engine.py:934) DEBUG <UciProtocol (pid=30387)>: Connection lost (exit code: -9, error: None)
2025-08-15 16:47:35,028 lib.lichess_bot (lichess_bot.py:1255) ERROR Quitting lichess-bot due to an error:
Traceback (most recent call last):
  File "/Users/peter/work/chessna/lichess-bot/lib/python3.13/site-packages/chess/engine.py", line 1457, in _setoption
    value = self.options[name].parse(value)
            ~~~~~~~~~~~~^^^^^^
  File "/Users/peter/work/chessna/lichess-bot/lib/python3.13/site-packages/chess/engine.py", line 1937, in __getitem__
    return self._store[key.lower()][1]
           ~~~~~~~~~~~^^^^^^^^^^^^^
KeyError: 'threads'

During handling of the above exception, another exception occurred:

Traceback (most recent call last):
  File "/Users/peter/work/chessna/lichess-bot/lib/lichess_bot.py", line 1246, in start_program
    start_lichess_bot()
    ~~~~~~~~~~~~~~~~~^^
  File "/Users/peter/work/chessna/lichess-bot/lib/lichess_bot.py", line 1181, in start_lichess_bot
    with engine_wrapper.create_engine(CONFIG):
         ~~~~~~~~~~~~~~~~~~~~~~~~~~~~^^^^^^^^
  File "/Users/peter/work/chessna/lichess-bot/lib/engine_wrapper.py", line 70, in create_engine
    return Engine(commands, options, stderr, cfg.draw_or_resign, game, cwd=cfg.working_dir)
  File "/Users/peter/work/chessna/lichess-bot/lib/engine_wrapper.py", line 495, in __init__
    self.configure(options, game)
    ~~~~~~~~~~~~~~^^^^^^^^^^^^^^^
  File "/Users/peter/work/chessna/lichess-bot/lib/engine_wrapper.py", line 111, in configure
    self.engine.configure(cast(OPTIONS_TYPE, options | extra_options))
    ~~~~~~~~~~~~~~~~~~~~~^^^^^^^^^^^^^^^^^^^^^^^^^^^^^^^^^^^^^^^^^^^^^
  File "/Users/peter/work/chessna/lichess-bot/lib/python3.13/site-packages/chess/engine.py", line 2958, in configure
    return future.result()
           ~~~~~~~~~~~~~^^
  File "/opt/homebrew/Cellar/python@3.13/3.13.6/Frameworks/Python.framework/Versions/3.13/lib/python3.13/concurrent/futures/_base.py", line 456, in result
    return self.__get_result()
           ~~~~~~~~~~~~~~~~~^^
  File "/opt/homebrew/Cellar/python@3.13/3.13.6/Frameworks/Python.framework/Versions/3.13/lib/python3.13/concurrent/futures/_base.py", line 401, in __get_result
    raise self._exception
  File "/opt/homebrew/Cellar/python@3.13/3.13.6/Frameworks/Python.framework/Versions/3.13/lib/python3.13/asyncio/tasks.py", line 507, in wait_for
    return await fut
           ^^^^^^^^^
  File "/Users/peter/work/chessna/lichess-bot/lib/python3.13/site-packages/chess/engine.py", line 1493, in configure
    return await self.communicate(UciConfigureCommand)
           ^^^^^^^^^^^^^^^^^^^^^^^^^^^^^^^^^^^^^^^^^^^
  File "/Users/peter/work/chessna/lichess-bot/lib/python3.13/site-packages/chess/engine.py", line 1021, in communicate
    return await command.result
           ^^^^^^^^^^^^^^^^^^^^
  File "/Users/peter/work/chessna/lichess-bot/lib/python3.13/site-packages/chess/engine.py", line 1287, in _start
    self.start()
    ~~~~~~~~~~^^
  File "/Users/peter/work/chessna/lichess-bot/lib/python3.13/site-packages/chess/engine.py", line 1488, in start
    self.engine._configure(options)
    ~~~~~~~~~~~~~~~~~~~~~~^^^^^^^^^
  File "/Users/peter/work/chessna/lichess-bot/lib/python3.13/site-packages/chess/engine.py", line 1479, in _configure
    self._setoption(name, value)
    ~~~~~~~~~~~~~~~^^^^^^^^^^^^^
  File "/Users/peter/work/chessna/lichess-bot/lib/python3.13/site-packages/chess/engine.py", line 1459, in _setoption
    raise EngineError("engine does not support option {} (available options: {})".format(name, ", ".join(self.options)))
chess.engine.EngineError: engine does not support option Threads (available options: )
2025-08-15 16:47:58,122 lib.lichess_bot (lichess_bot.py:1174) INFO 
    .   _/|
    .  // o\
    .  || ._)  lichess-bot 2025.8.7.1 on Darwin 24.6.0
    .  //__\
    .  )___(   Play on Lichess with a bot
    
2025-08-15 16:47:58,134 lib.config (config.py:288) DEBUG Config:
token: logger
url: https://lichess.org/
engine:
  dir: ../bin/
  name: chessna
  working_dir: ''
  protocol: uci
  ponder: false
  polyglot:
    enabled: false
    book:
      standard:
      - engines/book1.bin
      - engines/book2.bin
    min_weight: 1
    selection: weighted_random
    max_depth: 20
    normalization: none
  draw_or_resign:
    resign_enabled: false
    resign_score: -1000
    resign_for_egtb_minus_two: true
    resign_moves: 3
    offer_draw_enabled: true
    offer_draw_score: 0
    offer_draw_for_egtb_zero: true
    offer_draw_moves: 10
    offer_draw_pieces: 10
  online_moves:
    max_out_of_book_moves: 10
    max_retries: 2
    chessdb_book:
      enabled: false
      min_time: 20
      max_time: 10800
      move_quality: good
      min_depth: 20
    lichess_cloud_analysis:
      enabled: false
      min_time: 20
      max_time: 10800
      move_quality: best
      max_score_difference: 50
      min_depth: 20
      min_knodes: 0
    lichess_opening_explorer:
      enabled: false
      min_time: 20
      max_time: 10800
      source: masters
      player_name: ''
      sort: winrate
      min_games: 10
    online_egtb:
      enabled: false
      min_time: 20
      max_time: 10800
      max_pieces: 7
      source: lichess
      move_quality: best
  lichess_bot_tbs:
    syzygy:
      enabled: false
      paths:
      - engines/syzygy
      max_pieces: 7
      move_quality: best
    gaviota:
      enabled: false
      paths:
      - engines/gaviota
      max_pieces: 5
      min_dtm_to_consider_as_wdl_1: 120
      move_quality: best
  homemade_options: null
  uci_options: null
  silence_stderr: false
abort_time: 30
fake_think_time: false
rate_limiting_delay: 0
move_overhead: 2000
max_takebacks_accepted: 0
quit_after_all_games_finish: false
correspondence:
  move_time: 60
  checkin_period: 300
  disconnect_time: 150
  ponder: false
challenge:
  concurrency: 1
  sort_by: best
  preference: none
  accept_bot: true
  only_bot: false
  max_increment: 20
  min_increment: 0
  max_base: 1800
  min_base: 0
  max_days: 14
  min_days: 1
  variants:
  - standard
  time_controls:
  - bullet
  - blitz
  - rapid
  - classical
  modes:
  - casual
  - rated
  bullet_requires_increment: false
  max_simultaneous_games_per_user: 5
greeting:
  hello: Hi! I'm {me}. Good luck! Type !help for a list of commands I can respond
    to.
  goodbye: Good game!
  hello_spectators: Hi! I'm {me}. Type !help for a list of commands I can respond
    to.
  goodbye_spectators: Thanks for watching!
matchmaking:
  allow_matchmaking: false
  allow_during_games: false
  challenge_variant: random
  challenge_timeout: 30
  challenge_initial_time:
  - 60
  - 180
  challenge_increment:
  - 1
  - 2
  opponent_rating_difference: 300
  rating_preference: none
  challenge_mode: random
  challenge_filter: none
  include_challenge_block_list: false

2025-08-15 16:47:58,134 lib.config (config.py:289) DEBUG ====================
2025-08-15 16:47:58,137 lib.config (config.py:288) DEBUG Config:
token: logger
url: https://lichess.org/
engine:
  dir: ../bin/
  name: chessna
  working_dir: /Users/peter/work/chessna/lichess-bot
  protocol: uci
  ponder: false
  polyglot:
    enabled: false
    book:
      standard:
      - engines/book1.bin
      - engines/book2.bin
    min_weight: 1
    selection: weighted_random
    max_depth: 20
    normalization: none
  draw_or_resign:
    resign_enabled: false
    resign_score: -1000
    resign_for_egtb_minus_two: true
    resign_moves: 3
    offer_draw_enabled: true
    offer_draw_score: 0
    offer_draw_for_egtb_zero: true
    offer_draw_moves: 10
    offer_draw_pieces: 10
  online_moves:
    max_out_of_book_moves: 10
    max_retries: 2
    chessdb_book:
      enabled: false
      min_time: 20
      max_time: 10800
      move_quality: good
      min_depth: 20
    lichess_cloud_analysis:
      enabled: false
      min_time: 20
      max_time: 10800
      move_quality: best
      max_score_difference: 50
      min_depth: 20
      min_knodes: 0
    lichess_opening_explorer:
      enabled: false
      min_time: 20
      max_time: 10800
      source: masters
      player_name: ''
      sort: winrate
      min_games: 10
    online_egtb:
      enabled: false
      min_time: 20
      max_time: 10800
      max_pieces: 7
      source: lichess
      move_quality: best
    max_depth: .inf
  lichess_bot_tbs:
    syzygy:
      enabled: false
      paths:
      - engines/syzygy
      max_pieces: 7
      move_quality: best
    gaviota:
      enabled: false
      paths:
      - engines/gaviota
      max_pieces: 5
      min_dtm_to_consider_as_wdl_1: 120
      move_quality: best
  homemade_options: null
  uci_options: null
  silence_stderr: false
  interpreter: null
  interpreter_options: []
  uci_ponder: false
abort_time: 30
fake_think_time: false
rate_limiting_delay: 0
move_overhead: 2000
max_takebacks_accepted: 0
quit_after_all_games_finish: false
correspondence:
  move_time: 60
  checkin_period: 300
  disconnect_time: 150
  ponder: false
  uci_ponder: false
challenge:
  concurrency: 1
  sort_by: best
  preference: none
  accept_bot: true
  only_bot: false
  max_increment: 20
  min_increment: 0
  max_base: 1800
  min_base: 0
  max_days: 14
  min_days: 1
  variants:
  - standard
  time_controls:
  - bullet
  - blitz
  - rapid
  - classical
  modes:
  - casual
  - rated
  bullet_requires_increment: false
  max_simultaneous_games_per_user: 5
  block_list: []
  online_block_list: []
  allow_list: []
greeting:
  hello: Hi! I'm {me}. Good luck! Type !help for a list of commands I can respond
    to.
  goodbye: Good game!
  hello_spectators: Hi! I'm {me}. Type !help for a list of commands I can respond
    to.
  goodbye_spectators: Thanks for watching!
matchmaking:
  allow_matchmaking: false
  allow_during_games: false
  challenge_variant: random
  challenge_timeout: 30
  challenge_initial_time:
  - 60
  - 180
  challenge_increment:
  - 1
  - 2
  opponent_rating_difference: 300
  rating_preference: none
  challenge_mode: random
  challenge_filter: none
  include_challenge_block_list: false
  block_list: []
  online_block_list: []
  challenge_days:
  - null
  opponent_min_rating: 600
  opponent_max_rating: 4000
  overrides: {}
pgn_directory: null
pgn_file_grouping: game

2025-08-15 16:47:58,137 lib.config (config.py:289) DEBUG ====================
2025-08-15 16:47:58,140 lib.lichess_bot (lichess_bot.py:1180) INFO Checking engine configuration ...
2025-08-15 16:47:58,142 lib.engine_wrapper (engine_wrapper.py:69) DEBUG Starting engine: ['/Users/peter/work/chessna/bin/chessna']
2025-08-15 16:47:58,142 asyncio (selector_events.py:64) DEBUG Using selector: KqueueSelector
2025-08-15 16:47:58,144 chess.engine (engine.py:928) DEBUG <UciProtocol (pid=30407)>: Connection made
2025-08-15 16:47:58,145 chess.engine (engine.py:950) DEBUG <UciProtocol (pid=30407)>: << uci
2025-08-15 16:47:58,145 chess.engine (engine.py:976) DEBUG <UciProtocol (pid=30407)>: >> id name CHESSna 2 Version 0.01 alpha
2025-08-15 16:47:58,146 chess.engine (engine.py:976) DEBUG <UciProtocol (pid=30407)>: >> id author Peter Schneider
2025-08-15 16:47:58,146 chess.engine (engine.py:976) DEBUG <UciProtocol (pid=30407)>: >> uciok
2025-08-15 16:47:58,146 chess.engine (engine.py:950) DEBUG <UciProtocol (pid=30407)>: << isready
2025-08-15 16:47:58,146 chess.engine (engine.py:976) DEBUG <UciProtocol (pid=30407)>: >> readyok
2025-08-15 16:47:58,146 chess.engine (engine.py:950) DEBUG <UciProtocol (pid=30407)>: << quit
2025-08-15 16:47:58,146 chess.engine (engine.py:947) DEBUG <UciProtocol (pid=30407)>: Process exited
2025-08-15 16:47:58,146 chess.engine (engine.py:934) DEBUG <UciProtocol (pid=30407)>: Connection lost (exit code: 0, error: None)
2025-08-15 16:47:58,147 lib.lichess_bot (lichess_bot.py:1183) INFO Engine configuration OK
2025-08-15 16:47:58,147 lib.lichess_bot (lichess_bot.py:1153) DEBUG Python version: 3.13.6.final.0
2025-08-15 16:47:58,155 lib.lichess_bot (lichess_bot.py:1159) DEBUG Installed libraries:
pip==25.2
idna==3.10
urllib3==2.5.0
charset-normalizer==3.4.3
requests==2.32.4
typing_extensions==4.14.1
certifi==2025.8.3
rich==14.1.0
markdown-it-py==4.0.0
wrapt==1.17.3
Deprecated==1.2.18
mdurl==0.1.2
python-dateutil==2.9.0.post0
berserk==0.13.2
Pygments==2.19.2
chess==1.11.2
PyYAML==6.0.2
backoff==2.2.1
ndjson==0.3.1
six==1.17.0


2025-08-15 16:47:58,160 urllib3.connectionpool (connectionpool.py:1049) DEBUG Starting new HTTPS connection (1): lichess.org:443
2025-08-15 16:47:59,390 urllib3.connectionpool (connectionpool.py:544) DEBUG https://lichess.org:443 "POST /api/token/test HTTP/1.1" 200 None
2025-08-15 16:47:59,391 lib.lichess_bot (lichess_bot.py:1255) ERROR Quitting lichess-bot due to an error:
Traceback (most recent call last):
  File "/Users/peter/work/chessna/lichess-bot/lib/lichess_bot.py", line 1246, in start_program
    start_lichess_bot()
    ~~~~~~~~~~~~~~~~~^^
  File "/Users/peter/work/chessna/lichess-bot/lib/lichess_bot.py", line 1188, in start_lichess_bot
    li = lichess.Lichess(CONFIG.token, CONFIG.url, __version__, logging_level, max_retries)
  File "/Users/peter/work/chessna/lichess-bot/lib/lichess.py", line 115, in __init__
    raise RuntimeError("Token in config file is not recognized by lichess. "
                       "Please check that it was copied correctly into your configuration file.")
RuntimeError: Token in config file is not recognized by lichess. Please check that it was copied correctly into your configuration file.
2025-08-15 16:48:45,373 lib.lichess_bot (lichess_bot.py:1174) INFO 
    .   _/|
    .  // o\
    .  || ._)  lichess-bot 2025.8.7.1 on Darwin 24.6.0
    .  //__\
    .  )___(   Play on Lichess with a bot
    
2025-08-15 16:48:45,385 lib.config (config.py:288) DEBUG Config:
token: logger
url: https://lichess.org/
engine:
  dir: ../bin/
  name: chessna
  working_dir: ''
  protocol: uci
  ponder: false
  polyglot:
    enabled: false
    book:
      standard:
      - engines/book1.bin
      - engines/book2.bin
    min_weight: 1
    selection: weighted_random
    max_depth: 20
    normalization: none
  draw_or_resign:
    resign_enabled: false
    resign_score: -1000
    resign_for_egtb_minus_two: true
    resign_moves: 3
    offer_draw_enabled: true
    offer_draw_score: 0
    offer_draw_for_egtb_zero: true
    offer_draw_moves: 10
    offer_draw_pieces: 10
  online_moves:
    max_out_of_book_moves: 10
    max_retries: 2
    chessdb_book:
      enabled: false
      min_time: 20
      max_time: 10800
      move_quality: good
      min_depth: 20
    lichess_cloud_analysis:
      enabled: false
      min_time: 20
      max_time: 10800
      move_quality: best
      max_score_difference: 50
      min_depth: 20
      min_knodes: 0
    lichess_opening_explorer:
      enabled: false
      min_time: 20
      max_time: 10800
      source: masters
      player_name: ''
      sort: winrate
      min_games: 10
    online_egtb:
      enabled: false
      min_time: 20
      max_time: 10800
      max_pieces: 7
      source: lichess
      move_quality: best
  lichess_bot_tbs:
    syzygy:
      enabled: false
      paths:
      - engines/syzygy
      max_pieces: 7
      move_quality: best
    gaviota:
      enabled: false
      paths:
      - engines/gaviota
      max_pieces: 5
      min_dtm_to_consider_as_wdl_1: 120
      move_quality: best
  homemade_options: null
  uci_options: null
  silence_stderr: false
abort_time: 30
fake_think_time: false
rate_limiting_delay: 0
move_overhead: 2000
max_takebacks_accepted: 0
quit_after_all_games_finish: false
correspondence:
  move_time: 60
  checkin_period: 300
  disconnect_time: 150
  ponder: false
challenge:
  concurrency: 1
  sort_by: best
  preference: none
  accept_bot: true
  only_bot: false
  max_increment: 20
  min_increment: 0
  max_base: 1800
  min_base: 0
  max_days: 14
  min_days: 1
  variants:
  - standard
  time_controls:
  - bullet
  - blitz
  - rapid
  - classical
  modes:
  - casual
  - rated
  bullet_requires_increment: false
  max_simultaneous_games_per_user: 5
greeting:
  hello: Hi! I'm {me}. Good luck! Type !help for a list of commands I can respond
    to.
  goodbye: Good game!
  hello_spectators: Hi! I'm {me}. Type !help for a list of commands I can respond
    to.
  goodbye_spectators: Thanks for watching!
matchmaking:
  allow_matchmaking: false
  allow_during_games: false
  challenge_variant: random
  challenge_timeout: 30
  challenge_initial_time:
  - 60
  - 180
  challenge_increment:
  - 1
  - 2
  opponent_rating_difference: 300
  rating_preference: none
  challenge_mode: random
  challenge_filter: none
  include_challenge_block_list: false

2025-08-15 16:48:45,385 lib.config (config.py:289) DEBUG ====================
2025-08-15 16:48:45,388 lib.config (config.py:288) DEBUG Config:
token: logger
url: https://lichess.org/
engine:
  dir: ../bin/
  name: chessna
  working_dir: /Users/peter/work/chessna/lichess-bot
  protocol: uci
  ponder: false
  polyglot:
    enabled: false
    book:
      standard:
      - engines/book1.bin
      - engines/book2.bin
    min_weight: 1
    selection: weighted_random
    max_depth: 20
    normalization: none
  draw_or_resign:
    resign_enabled: false
    resign_score: -1000
    resign_for_egtb_minus_two: true
    resign_moves: 3
    offer_draw_enabled: true
    offer_draw_score: 0
    offer_draw_for_egtb_zero: true
    offer_draw_moves: 10
    offer_draw_pieces: 10
  online_moves:
    max_out_of_book_moves: 10
    max_retries: 2
    chessdb_book:
      enabled: false
      min_time: 20
      max_time: 10800
      move_quality: good
      min_depth: 20
    lichess_cloud_analysis:
      enabled: false
      min_time: 20
      max_time: 10800
      move_quality: best
      max_score_difference: 50
      min_depth: 20
      min_knodes: 0
    lichess_opening_explorer:
      enabled: false
      min_time: 20
      max_time: 10800
      source: masters
      player_name: ''
      sort: winrate
      min_games: 10
    online_egtb:
      enabled: false
      min_time: 20
      max_time: 10800
      max_pieces: 7
      source: lichess
      move_quality: best
    max_depth: .inf
  lichess_bot_tbs:
    syzygy:
      enabled: false
      paths:
      - engines/syzygy
      max_pieces: 7
      move_quality: best
    gaviota:
      enabled: false
      paths:
      - engines/gaviota
      max_pieces: 5
      min_dtm_to_consider_as_wdl_1: 120
      move_quality: best
  homemade_options: null
  uci_options: null
  silence_stderr: false
  interpreter: null
  interpreter_options: []
  uci_ponder: false
abort_time: 30
fake_think_time: false
rate_limiting_delay: 0
move_overhead: 2000
max_takebacks_accepted: 0
quit_after_all_games_finish: false
correspondence:
  move_time: 60
  checkin_period: 300
  disconnect_time: 150
  ponder: false
  uci_ponder: false
challenge:
  concurrency: 1
  sort_by: best
  preference: none
  accept_bot: true
  only_bot: false
  max_increment: 20
  min_increment: 0
  max_base: 1800
  min_base: 0
  max_days: 14
  min_days: 1
  variants:
  - standard
  time_controls:
  - bullet
  - blitz
  - rapid
  - classical
  modes:
  - casual
  - rated
  bullet_requires_increment: false
  max_simultaneous_games_per_user: 5
  block_list: []
  online_block_list: []
  allow_list: []
greeting:
  hello: Hi! I'm {me}. Good luck! Type !help for a list of commands I can respond
    to.
  goodbye: Good game!
  hello_spectators: Hi! I'm {me}. Type !help for a list of commands I can respond
    to.
  goodbye_spectators: Thanks for watching!
matchmaking:
  allow_matchmaking: false
  allow_during_games: false
  challenge_variant: random
  challenge_timeout: 30
  challenge_initial_time:
  - 60
  - 180
  challenge_increment:
  - 1
  - 2
  opponent_rating_difference: 300
  rating_preference: none
  challenge_mode: random
  challenge_filter: none
  include_challenge_block_list: false
  block_list: []
  online_block_list: []
  challenge_days:
  - null
  opponent_min_rating: 600
  opponent_max_rating: 4000
  overrides: {}
pgn_directory: null
pgn_file_grouping: game

2025-08-15 16:48:45,388 lib.config (config.py:289) DEBUG ====================
2025-08-15 16:48:45,391 lib.lichess_bot (lichess_bot.py:1180) INFO Checking engine configuration ...
2025-08-15 16:48:45,393 lib.engine_wrapper (engine_wrapper.py:69) DEBUG Starting engine: ['/Users/peter/work/chessna/bin/chessna']
2025-08-15 16:48:45,393 asyncio (selector_events.py:64) DEBUG Using selector: KqueueSelector
2025-08-15 16:48:45,395 chess.engine (engine.py:928) DEBUG <UciProtocol (pid=30716)>: Connection made
2025-08-15 16:48:45,396 chess.engine (engine.py:950) DEBUG <UciProtocol (pid=30716)>: << uci
2025-08-15 16:48:45,396 chess.engine (engine.py:976) DEBUG <UciProtocol (pid=30716)>: >> id name CHESSna 2 Version 0.01 alpha
2025-08-15 16:48:45,396 chess.engine (engine.py:976) DEBUG <UciProtocol (pid=30716)>: >> id author Peter Schneider
2025-08-15 16:48:45,396 chess.engine (engine.py:976) DEBUG <UciProtocol (pid=30716)>: >> uciok
2025-08-15 16:48:45,397 chess.engine (engine.py:950) DEBUG <UciProtocol (pid=30716)>: << isready
2025-08-15 16:48:45,397 chess.engine (engine.py:976) DEBUG <UciProtocol (pid=30716)>: >> readyok
2025-08-15 16:48:45,397 chess.engine (engine.py:950) DEBUG <UciProtocol (pid=30716)>: << quit
2025-08-15 16:48:45,397 chess.engine (engine.py:947) DEBUG <UciProtocol (pid=30716)>: Process exited
2025-08-15 16:48:45,397 chess.engine (engine.py:934) DEBUG <UciProtocol (pid=30716)>: Connection lost (exit code: 0, error: None)
2025-08-15 16:48:45,397 lib.lichess_bot (lichess_bot.py:1183) INFO Engine configuration OK
2025-08-15 16:48:45,398 lib.lichess_bot (lichess_bot.py:1153) DEBUG Python version: 3.13.6.final.0
2025-08-15 16:48:45,406 lib.lichess_bot (lichess_bot.py:1159) DEBUG Installed libraries:
pip==25.2
idna==3.10
urllib3==2.5.0
charset-normalizer==3.4.3
requests==2.32.4
typing_extensions==4.14.1
certifi==2025.8.3
rich==14.1.0
markdown-it-py==4.0.0
wrapt==1.17.3
Deprecated==1.2.18
mdurl==0.1.2
python-dateutil==2.9.0.post0
berserk==0.13.2
Pygments==2.19.2
chess==1.11.2
PyYAML==6.0.2
backoff==2.2.1
ndjson==0.3.1
six==1.17.0


2025-08-15 16:48:45,410 urllib3.connectionpool (connectionpool.py:1049) DEBUG Starting new HTTPS connection (1): lichess.org:443
2025-08-15 16:48:45,610 urllib3.connectionpool (connectionpool.py:544) DEBUG https://lichess.org:443 "POST /api/token/test HTTP/1.1" 200 None
2025-08-15 16:48:45,611 lib.lichess_bot (lichess_bot.py:1255) ERROR Quitting lichess-bot due to an error:
Traceback (most recent call last):
  File "/Users/peter/work/chessna/lichess-bot/lib/lichess_bot.py", line 1246, in start_program
    start_lichess_bot()
    ~~~~~~~~~~~~~~~~~^^
  File "/Users/peter/work/chessna/lichess-bot/lib/lichess_bot.py", line 1188, in start_lichess_bot
    li = lichess.Lichess(CONFIG.token, CONFIG.url, __version__, logging_level, max_retries)
  File "/Users/peter/work/chessna/lichess-bot/lib/lichess.py", line 115, in __init__
    raise RuntimeError("Token in config file is not recognized by lichess. "
                       "Please check that it was copied correctly into your configuration file.")
RuntimeError: Token in config file is not recognized by lichess. Please check that it was copied correctly into your configuration file.
2025-08-15 16:50:14,992 lib.lichess_bot (lichess_bot.py:1174) INFO 
    .   _/|
    .  // o\
    .  || ._)  lichess-bot 2025.8.7.1 on Darwin 24.6.0
    .  //__\
    .  )___(   Play on Lichess with a bot
    
2025-08-15 16:50:15,004 lib.config (config.py:288) DEBUG Config:
token: logger
url: https://lichess.org/
engine:
  dir: ../bin/
  name: chessna
  working_dir: ''
  protocol: uci
  ponder: false
  polyglot:
    enabled: false
    book:
      standard: null
    min_weight: 1
    selection: weighted_random
    max_depth: 20
    normalization: none
  draw_or_resign:
    resign_enabled: false
    resign_score: -1000
    resign_for_egtb_minus_two: true
    resign_moves: 3
    offer_draw_enabled: true
    offer_draw_score: 0
    offer_draw_for_egtb_zero: true
    offer_draw_moves: 10
    offer_draw_pieces: 10
  online_moves:
    max_out_of_book_moves: 10
    max_retries: 2
    chessdb_book:
      enabled: false
      min_time: 20
      max_time: 10800
      move_quality: good
      min_depth: 20
    lichess_cloud_analysis:
      enabled: false
      min_time: 20
      max_time: 10800
      move_quality: best
      max_score_difference: 50
      min_depth: 20
      min_knodes: 0
    lichess_opening_explorer:
      enabled: false
      min_time: 20
      max_time: 10800
      source: masters
      player_name: ''
      sort: winrate
      min_games: 10
    online_egtb:
      enabled: false
      min_time: 20
      max_time: 10800
      max_pieces: 7
      source: lichess
      move_quality: best
  lichess_bot_tbs:
    syzygy:
      enabled: false
      paths:
      - engines/syzygy
      max_pieces: 7
      move_quality: best
    gaviota:
      enabled: false
      paths:
      - engines/gaviota
      max_pieces: 5
      min_dtm_to_consider_as_wdl_1: 120
      move_quality: best
  homemade_options: null
  uci_options: null
  silence_stderr: false
abort_time: 30
fake_think_time: false
rate_limiting_delay: 0
move_overhead: 2000
max_takebacks_accepted: 0
quit_after_all_games_finish: false
correspondence:
  move_time: 60
  checkin_period: 300
  disconnect_time: 150
  ponder: false
challenge:
  concurrency: 1
  sort_by: best
  preference: none
  accept_bot: true
  only_bot: false
  max_increment: 20
  min_increment: 0
  max_base: 1800
  min_base: 0
  max_days: 14
  min_days: 1
  variants:
  - standard
  time_controls:
  - bullet
  - blitz
  - rapid
  - classical
  modes:
  - casual
  - rated
  bullet_requires_increment: false
  max_simultaneous_games_per_user: 5
greeting:
  hello: Hi! I'm {me}. Good luck! Type !help for a list of commands I can respond
    to.
  goodbye: Good game!
  hello_spectators: Hi! I'm {me}. Type !help for a list of commands I can respond
    to.
  goodbye_spectators: Thanks for watching!
matchmaking:
  allow_matchmaking: false
  allow_during_games: false
  challenge_variant: random
  challenge_timeout: 30
  challenge_initial_time:
  - 60
  - 180
  challenge_increment:
  - 1
  - 2
  opponent_rating_difference: 300
  rating_preference: none
  challenge_mode: random
  challenge_filter: none
  include_challenge_block_list: false

2025-08-15 16:50:15,004 lib.config (config.py:289) DEBUG ====================
2025-08-15 16:50:15,007 lib.config (config.py:288) DEBUG Config:
token: logger
url: https://lichess.org/
engine:
  dir: ../bin/
  name: chessna
  working_dir: /Users/peter/work/chessna/lichess-bot
  protocol: uci
  ponder: false
  polyglot:
    enabled: false
    book:
      standard: null
    min_weight: 1
    selection: weighted_random
    max_depth: 20
    normalization: none
  draw_or_resign:
    resign_enabled: false
    resign_score: -1000
    resign_for_egtb_minus_two: true
    resign_moves: 3
    offer_draw_enabled: true
    offer_draw_score: 0
    offer_draw_for_egtb_zero: true
    offer_draw_moves: 10
    offer_draw_pieces: 10
  online_moves:
    max_out_of_book_moves: 10
    max_retries: 2
    chessdb_book:
      enabled: false
      min_time: 20
      max_time: 10800
      move_quality: good
      min_depth: 20
    lichess_cloud_analysis:
      enabled: false
      min_time: 20
      max_time: 10800
      move_quality: best
      max_score_difference: 50
      min_depth: 20
      min_knodes: 0
    lichess_opening_explorer:
      enabled: false
      min_time: 20
      max_time: 10800
      source: masters
      player_name: ''
      sort: winrate
      min_games: 10
    online_egtb:
      enabled: false
      min_time: 20
      max_time: 10800
      max_pieces: 7
      source: lichess
      move_quality: best
    max_depth: .inf
  lichess_bot_tbs:
    syzygy:
      enabled: false
      paths:
      - engines/syzygy
      max_pieces: 7
      move_quality: best
    gaviota:
      enabled: false
      paths:
      - engines/gaviota
      max_pieces: 5
      min_dtm_to_consider_as_wdl_1: 120
      move_quality: best
  homemade_options: null
  uci_options: null
  silence_stderr: false
  interpreter: null
  interpreter_options: []
  uci_ponder: false
abort_time: 30
fake_think_time: false
rate_limiting_delay: 0
move_overhead: 2000
max_takebacks_accepted: 0
quit_after_all_games_finish: false
correspondence:
  move_time: 60
  checkin_period: 300
  disconnect_time: 150
  ponder: false
  uci_ponder: false
challenge:
  concurrency: 1
  sort_by: best
  preference: none
  accept_bot: true
  only_bot: false
  max_increment: 20
  min_increment: 0
  max_base: 1800
  min_base: 0
  max_days: 14
  min_days: 1
  variants:
  - standard
  time_controls:
  - bullet
  - blitz
  - rapid
  - classical
  modes:
  - casual
  - rated
  bullet_requires_increment: false
  max_simultaneous_games_per_user: 5
  block_list: []
  online_block_list: []
  allow_list: []
greeting:
  hello: Hi! I'm {me}. Good luck! Type !help for a list of commands I can respond
    to.
  goodbye: Good game!
  hello_spectators: Hi! I'm {me}. Type !help for a list of commands I can respond
    to.
  goodbye_spectators: Thanks for watching!
matchmaking:
  allow_matchmaking: false
  allow_during_games: false
  challenge_variant: random
  challenge_timeout: 30
  challenge_initial_time:
  - 60
  - 180
  challenge_increment:
  - 1
  - 2
  opponent_rating_difference: 300
  rating_preference: none
  challenge_mode: random
  challenge_filter: none
  include_challenge_block_list: false
  block_list: []
  online_block_list: []
  challenge_days:
  - null
  opponent_min_rating: 600
  opponent_max_rating: 4000
  overrides: {}
pgn_directory: null
pgn_file_grouping: game

2025-08-15 16:50:15,007 lib.config (config.py:289) DEBUG ====================
2025-08-15 16:50:15,010 lib.lichess_bot (lichess_bot.py:1180) INFO Checking engine configuration ...
2025-08-15 16:50:15,011 lib.engine_wrapper (engine_wrapper.py:69) DEBUG Starting engine: ['/Users/peter/work/chessna/bin/chessna']
2025-08-15 16:50:15,011 asyncio (selector_events.py:64) DEBUG Using selector: KqueueSelector
2025-08-15 16:50:15,014 chess.engine (engine.py:928) DEBUG <UciProtocol (pid=30768)>: Connection made
2025-08-15 16:50:15,014 chess.engine (engine.py:950) DEBUG <UciProtocol (pid=30768)>: << uci
2025-08-15 16:50:15,015 chess.engine (engine.py:976) DEBUG <UciProtocol (pid=30768)>: >> id name CHESSna 2 Version 0.01 alpha
2025-08-15 16:50:15,015 chess.engine (engine.py:976) DEBUG <UciProtocol (pid=30768)>: >> id author Peter Schneider
2025-08-15 16:50:15,015 chess.engine (engine.py:976) DEBUG <UciProtocol (pid=30768)>: >> uciok
2025-08-15 16:50:15,015 chess.engine (engine.py:950) DEBUG <UciProtocol (pid=30768)>: << isready
2025-08-15 16:50:15,015 chess.engine (engine.py:976) DEBUG <UciProtocol (pid=30768)>: >> readyok
2025-08-15 16:50:15,015 chess.engine (engine.py:950) DEBUG <UciProtocol (pid=30768)>: << quit
2025-08-15 16:50:15,016 chess.engine (engine.py:947) DEBUG <UciProtocol (pid=30768)>: Process exited
2025-08-15 16:50:15,016 chess.engine (engine.py:934) DEBUG <UciProtocol (pid=30768)>: Connection lost (exit code: 0, error: None)
2025-08-15 16:50:15,016 lib.lichess_bot (lichess_bot.py:1183) INFO Engine configuration OK
2025-08-15 16:50:15,017 lib.lichess_bot (lichess_bot.py:1153) DEBUG Python version: 3.13.6.final.0
2025-08-15 16:50:15,024 lib.lichess_bot (lichess_bot.py:1159) DEBUG Installed libraries:
pip==25.2
idna==3.10
urllib3==2.5.0
charset-normalizer==3.4.3
requests==2.32.4
typing_extensions==4.14.1
certifi==2025.8.3
rich==14.1.0
markdown-it-py==4.0.0
wrapt==1.17.3
Deprecated==1.2.18
mdurl==0.1.2
python-dateutil==2.9.0.post0
berserk==0.13.2
Pygments==2.19.2
chess==1.11.2
PyYAML==6.0.2
backoff==2.2.1
ndjson==0.3.1
six==1.17.0


2025-08-15 16:50:15,030 urllib3.connectionpool (connectionpool.py:1049) DEBUG Starting new HTTPS connection (1): lichess.org:443
2025-08-15 16:50:15,314 urllib3.connectionpool (connectionpool.py:544) DEBUG https://lichess.org:443 "POST /api/token/test HTTP/1.1" 200 None
2025-08-15 16:50:15,369 urllib3.connectionpool (connectionpool.py:544) DEBUG https://lichess.org:443 "GET /api/account HTTP/1.1" 200 None
2025-08-15 16:50:15,370 lib.lichess_bot (lichess_bot.py:1193) INFO Welcome chessna2!
2025-08-15 16:50:15,373 lib.lichess_bot (lichess_bot.py:260) INFO You're now connected to https://lichess.org/ and awaiting challenges.
2025-08-15 16:50:15,677 urllib3.connectionpool (connectionpool.py:544) DEBUG https://lichess.org:443 "GET /api/account/playing HTTP/1.1" 200 None
2025-08-15 16:50:16,026 lib.lichess_bot (lichess_bot.py:447) DEBUG Event: {'type': 'gameStart', 'game': {'fullId': 'EhrjytR7M9mm', 'gameId': 'EhrjytR7', 'fen': 'rnbqkbnr/pppppppp/8/8/8/8/PPPPPPPP/RNBQKBNR w KQkq - 0 1', 'color': 'black', 'lastMove': '', 'source': 'friend', 'status': {'id': 20, 'name': 'started'}, 'variant': {'key': 'standard', 'name': 'Standard'}, 'speed': 'correspondence', 'perf': 'correspondence', 'rated': False, 'hasMoved': False, 'opponent': {'id': 'pjsde', 'username': 'pjsde', 'rating': 1500}, 'isMyTurn': False, 'compat': {'bot': True, 'board': True}, 'id': 'EhrjytR7'}}
2025-08-15 16:50:16,026 lib.lichess_bot (lichess_bot.py:584) INFO --- Enqueue https://lichess.org/EhrjytR7
2025-08-15 16:50:37,065 lib.lichess_bot (lichess_bot.py:447) DEBUG Event: {'type': 'challenge', 'challenge': {'id': 'Gdo7mlGx', 'url': 'https://lichess.org/Gdo7mlGx', 'status': 'created', 'challenger': {'id': 'pjsde', 'name': 'pjsde', 'rating': 1500, 'title': None, 'provisional': True, 'online': True, 'lag': 4}, 'destUser': {'id': 'chessna2', 'name': 'chessna2', 'rating': 2000, 'title': 'BOT', 'provisional': True, 'online': True, 'lag': 4}, 'variant': {'key': 'standard', 'name': 'Standard', 'short': 'Std'}, 'rated': False, 'speed': 'correspondence', 'timeControl': {'type': 'unlimited'}, 'color': 'random', 'finalColor': 'black', 'perf': {'icon': '\ue019', 'name': 'Fernschach'}}, 'compat': {'bot': True, 'board': True}}
2025-08-15 16:50:37,075 urllib3.connectionpool (connectionpool.py:289) DEBUG Resetting dropped connection: lichess.org
2025-08-15 16:50:37,299 urllib3.connectionpool (connectionpool.py:544) DEBUG https://lichess.org:443 "GET /api/account/playing HTTP/1.1" 200 None
2025-08-15 16:50:37,465 urllib3.connectionpool (connectionpool.py:544) DEBUG https://lichess.org:443 "POST /api/challenge/Gdo7mlGx/decline HTTP/1.1" 200 11
2025-08-15 16:50:37,469 lib.lichess_bot (lichess_bot.py:447) DEBUG Event: {'type': 'challengeDeclined', 'challenge': {'id': 'Gdo7mlGx', 'url': 'https://lichess.org/Gdo7mlGx', 'status': 'declined', 'challenger': {'id': 'pjsde', 'name': 'pjsde', 'rating': 1500, 'title': None, 'provisional': True, 'online': True, 'lag': 4}, 'destUser': {'id': 'chessna2', 'name': 'chessna2', 'rating': 2000, 'title': 'BOT', 'provisional': True, 'online': True, 'lag': 4}, 'variant': {'key': 'standard', 'name': 'Standard', 'short': 'Std'}, 'rated': False, 'speed': 'correspondence', 'timeControl': {'type': 'unlimited'}, 'color': 'random', 'finalColor': 'black', 'perf': {'icon': '\ue019', 'name': 'Fernschach'}, 'declineReason': 'Ich nehme keine Herausforderungen mit dieser Bedenkzeit an.', 'declineReasonKey': 'timecontrol'}}
2025-08-15 16:50:37,469 lib.matchmaking (matchmaking.py:335) INFO BOT chessna2 (2000?) declined Fernschach casual challenge from pjsde (1500?) (Gdo7mlGx): Ich nehme keine Herausforderungen mit dieser Bedenkzeit an.
2025-08-15 16:51:01,497 lib.lichess_bot (lichess_bot.py:447) DEBUG Event: {'type': 'challenge', 'challenge': {'id': 'bu21vkfh', 'url': 'https://lichess.org/bu21vkfh', 'status': 'created', 'challenger': {'id': 'pjsde', 'name': 'pjsde', 'rating': 897, 'title': None, 'online': True, 'lag': 4}, 'destUser': {'id': 'chessna2', 'name': 'chessna2', 'rating': 2000, 'title': 'BOT', 'provisional': True, 'online': True, 'lag': 4}, 'variant': {'key': 'standard', 'name': 'Standard', 'short': 'Std'}, 'rated': False, 'speed': 'blitz', 'timeControl': {'type': 'clock', 'limit': 300, 'increment': 3, 'show': '5+3'}, 'color': 'random', 'finalColor': 'black', 'perf': {'icon': '\ue008', 'name': 'Blitz'}}, 'compat': {'bot': True, 'board': True}}
2025-08-15 16:51:01,499 urllib3.connectionpool (connectionpool.py:289) DEBUG Resetting dropped connection: lichess.org
2025-08-15 16:51:01,708 urllib3.connectionpool (connectionpool.py:544) DEBUG https://lichess.org:443 "GET /api/account/playing HTTP/1.1" 200 None
2025-08-15 16:51:01,710 lib.lichess_bot (lichess_bot.py:498) INFO Accept Blitz casual challenge from pjsde (897) (bu21vkfh)
2025-08-15 16:51:01,823 urllib3.connectionpool (connectionpool.py:544) DEBUG https://lichess.org:443 "POST /api/challenge/bu21vkfh/accept HTTP/1.1" 200 11
2025-08-15 16:51:01,824 lib.lichess_bot (lichess_bot.py:320) INFO --- Process Queued. Count: 1. IDs: {'bu21vkfh'}
2025-08-15 16:51:01,824 lib.lichess_bot (lichess_bot.py:447) DEBUG Event: {'type': 'gameStart', 'game': {'fullId': 'bu21vkfhzTYZ', 'gameId': 'bu21vkfh', 'fen': 'rnbqkbnr/pppppppp/8/8/8/8/PPPPPPPP/RNBQKBNR w KQkq - 0 1', 'color': 'white', 'lastMove': '', 'source': 'friend', 'status': {'id': 20, 'name': 'started'}, 'variant': {'key': 'standard', 'name': 'Standard'}, 'speed': 'blitz', 'perf': 'blitz', 'rated': False, 'hasMoved': False, 'opponent': {'id': 'pjsde', 'username': 'pjsde', 'rating': 897}, 'isMyTurn': True, 'secondsLeft': 300, 'compat': {'bot': True, 'board': True}, 'id': 'bu21vkfh'}}
2025-08-15 16:51:01,824 lib.lichess_bot (lichess_bot.py:320) INFO --- Process Used. Count: 1. IDs: {'bu21vkfh'}
2025-08-15 16:51:01,863 urllib3.connectionpool (connectionpool.py:1049) DEBUG Starting new HTTPS connection (1): lichess.org:443
2025-08-15 16:51:02,070 urllib3.connectionpool (connectionpool.py:544) DEBUG https://lichess.org:443 "GET /api/bot/game/stream/bu21vkfh HTTP/1.1" 200 None
2025-08-15 16:51:02,072 lib.lichess_bot (lichess_bot.py:655) DEBUG Initial state: {'id': 'bu21vkfh', 'variant': {'key': 'standard', 'name': 'Standard', 'short': 'Std'}, 'speed': 'blitz', 'perf': {'name': 'Blitz'}, 'rated': False, 'createdAt': 1755269461775, 'white': {'id': 'chessna2', 'name': 'chessna2', 'title': 'BOT', 'rating': 2000, 'provisional': True}, 'black': {'id': 'pjsde', 'name': 'pjsde', 'title': None, 'rating': 897}, 'initialFen': 'startpos', 'clock': {'initial': 300000, 'increment': 3000}, 'type': 'gameFull', 'state': {'type': 'gameState', 'moves': '', 'wtime': 300000, 'btime': 300000, 'winc': 3000, 'binc': 3000, 'status': 'started'}}
2025-08-15 16:51:02,074 lib.engine_wrapper (engine_wrapper.py:69) DEBUG Starting engine: ['/Users/peter/work/chessna/bin/chessna']
2025-08-15 16:51:02,075 asyncio (selector_events.py:64) DEBUG Using selector: KqueueSelector
2025-08-15 16:51:02,091 chess.engine (engine.py:928) DEBUG <UciProtocol (pid=30788)>: Connection made
2025-08-15 16:51:02,092 chess.engine (engine.py:950) DEBUG <UciProtocol (pid=30788)>: << uci
2025-08-15 16:51:02,094 chess.engine (engine.py:976) DEBUG <UciProtocol (pid=30788)>: >> id name CHESSna 2 Version 0.01 alpha
2025-08-15 16:51:02,094 chess.engine (engine.py:976) DEBUG <UciProtocol (pid=30788)>: >> id author Peter Schneider
2025-08-15 16:51:02,094 chess.engine (engine.py:976) DEBUG <UciProtocol (pid=30788)>: >> uciok
2025-08-15 16:51:02,097 lib.lichess_bot (lichess_bot.py:661) DEBUG The engine for game bu21vkfh has pid=30788
2025-08-15 16:51:02,098 lib.lichess_bot (lichess_bot.py:664) INFO +++ https://lichess.org/bu21vkfh/white Blitz vs pjsde (897) (bu21vkfh)
2025-08-15 16:51:02,098 lib.lichess_bot (lichess_bot.py:826) DEBUG Game state: {'type': 'gameState', 'moves': '', 'wtime': 300000, 'btime': 300000, 'winc': 3000, 'binc': 3000, 'status': 'started'}
2025-08-15 16:51:02,099 lib.conversation (conversation.py:99) INFO *** https://lichess.org/bu21vkfh/white [player] chessna2: Hi! I'm chessna2. Good luck! Type !help for a list of commands I can respond to.
2025-08-15 16:51:02,102 urllib3.connectionpool (connectionpool.py:1049) DEBUG Starting new HTTPS connection (2): lichess.org:443
2025-08-15 16:51:02,320 urllib3.connectionpool (connectionpool.py:544) DEBUG https://lichess.org:443 "POST /api/bot/game/bu21vkfh/chat HTTP/1.1" 200 11
2025-08-15 16:51:02,321 lib.conversation (conversation.py:99) INFO *** https://lichess.org/bu21vkfh/white [spectator] chessna2: Hi! I'm chessna2. Type !help for a list of commands I can respond to.
2025-08-15 16:51:02,386 urllib3.connectionpool (connectionpool.py:544) DEBUG https://lichess.org:443 "POST /api/bot/game/bu21vkfh/chat HTTP/1.1" 200 11
2025-08-15 16:51:02,386 lib.lichess_bot (lichess_bot.py:817) INFO 
2025-08-15 16:51:02,386 lib.lichess_bot (lichess_bot.py:818) INFO move: 1
2025-08-15 16:51:02,386 lib.engine_wrapper (engine_wrapper.py:700) INFO Searching for time 10 seconds for game bu21vkfh
2025-08-15 16:51:02,387 chess.engine (engine.py:950) DEBUG <UciProtocol (pid=30788)>: << ucinewgame
2025-08-15 16:51:02,387 chess.engine (engine.py:950) DEBUG <UciProtocol (pid=30788)>: << isready
2025-08-15 16:51:02,387 chess.engine (engine.py:976) DEBUG <UciProtocol (pid=30788)>: >> readyok
2025-08-15 16:51:02,387 chess.engine (engine.py:950) DEBUG <UciProtocol (pid=30788)>: << position startpos
2025-08-15 16:51:02,387 chess.engine (engine.py:950) DEBUG <UciProtocol (pid=30788)>: << go movetime 10000
2025-08-15 16:51:02,387 chess.engine (engine.py:976) DEBUG <UciProtocol (pid=30788)>: >> info string [Engine:setPosition] settings position to 'rnbqkbnr/pppppppp/8/8/8/8/PPPPPPPP/RNBQKBNR w KQkq - 0 1'
2025-08-15 16:51:02,387 chess.engine (engine.py:976) DEBUG <UciProtocol (pid=30788)>: >> info string [Engine::go] let's go!
2025-08-15 16:51:02,387 chess.engine (engine.py:976) DEBUG <UciProtocol (pid=30788)>: >> info string [Engine::go] found 20 moves
2025-08-15 16:51:02,387 chess.engine (engine.py:976) DEBUG <UciProtocol (pid=30788)>: >> bestmove g2g4
2025-08-15 16:51:02,388 lib.engine_wrapper (engine_wrapper.py:332) INFO Source: Engine
2025-08-15 16:51:02,454 urllib3.connectionpool (connectionpool.py:544) DEBUG https://lichess.org:443 "POST /api/bot/game/bu21vkfh/move/g2g4?offeringDraw=false HTTP/1.1" 200 11
2025-08-15 16:51:02,455 lib.lichess_bot (lichess_bot.py:826) DEBUG Game state: {'type': 'chatLine', 'room': 'player', 'username': 'chessna2', 'text': "Hi! I'm chessna2. Good luck! Type !help for a list of commands I can respond to."}
2025-08-15 16:51:02,455 lib.conversation (conversation.py:57) INFO *** https://lichess.org/bu21vkfh/white [player] chessna2: Hi! I'm chessna2. Good luck! Type !help for a list of commands I can respond to.
2025-08-15 16:51:02,455 lib.lichess_bot (lichess_bot.py:826) DEBUG Game state: {'type': 'chatLine', 'room': 'spectator', 'username': 'chessna2', 'text': "Hi! I'm chessna2. Type !help for a list of commands I can respond to."}
2025-08-15 16:51:02,455 lib.conversation (conversation.py:57) INFO *** https://lichess.org/bu21vkfh/white [spectator] chessna2: Hi! I'm chessna2. Type !help for a list of commands I can respond to.
2025-08-15 16:51:02,455 lib.lichess_bot (lichess_bot.py:826) DEBUG Game state: {'type': 'gameState', 'moves': 'g2g4', 'wtime': 300000, 'btime': 300000, 'winc': 3000, 'binc': 3000, 'status': 'started'}
2025-08-15 16:51:06,380 lib.lichess_bot (lichess_bot.py:826) DEBUG Game state: {'type': 'gameState', 'moves': 'g2g4 e7e5', 'wtime': 300000, 'btime': 300000, 'winc': 3000, 'binc': 3000, 'status': 'started'}
2025-08-15 16:51:06,381 lib.lichess_bot (lichess_bot.py:817) INFO 
2025-08-15 16:51:06,381 lib.lichess_bot (lichess_bot.py:818) INFO move: 2
2025-08-15 16:51:06,381 lib.engine_wrapper (engine_wrapper.py:722) INFO Searching for wtime 298000 btime 300000 for game bu21vkfh
2025-08-15 16:51:06,381 chess.engine (engine.py:950) DEBUG <UciProtocol (pid=30788)>: << position startpos moves g2g4 e7e5
2025-08-15 16:51:06,382 chess.engine (engine.py:950) DEBUG <UciProtocol (pid=30788)>: << go wtime 298000 btime 300000 winc 3000 binc 3000
2025-08-15 16:51:06,382 chess.engine (engine.py:976) DEBUG <UciProtocol (pid=30788)>: >> info string [Engine:setPosition] settings position to 'rnbqkbnr/pppppppp/8/8/8/8/PPPPPPPP/RNBQKBNR w KQkq - 0 1'
2025-08-15 16:51:06,382 chess.engine (engine.py:976) DEBUG <UciProtocol (pid=30788)>: >> info string [Engine::executeMove] execute move 'g2g4'
2025-08-15 16:51:06,382 chess.engine (engine.py:976) DEBUG <UciProtocol (pid=30788)>: >> info string [Engine::executeMove] execute move 'e7e5'
2025-08-15 16:51:06,382 chess.engine (engine.py:976) DEBUG <UciProtocol (pid=30788)>: >> info string [Engine::go] let's go!
2025-08-15 16:51:06,382 chess.engine (engine.py:976) DEBUG <UciProtocol (pid=30788)>: >> info string [Engine::go] found 21 moves
2025-08-15 16:51:06,382 chess.engine (engine.py:976) DEBUG <UciProtocol (pid=30788)>: >> bestmove f1g2
2025-08-15 16:51:06,382 lib.engine_wrapper (engine_wrapper.py:332) INFO Source: Engine
2025-08-15 16:51:06,436 urllib3.connectionpool (connectionpool.py:544) DEBUG https://lichess.org:443 "POST /api/bot/game/bu21vkfh/move/f1g2?offeringDraw=false HTTP/1.1" 200 11
2025-08-15 16:51:06,436 lib.lichess_bot (lichess_bot.py:826) DEBUG Game state: {'type': 'gameState', 'moves': 'g2g4 e7e5 f1g2', 'wtime': 302940, 'btime': 300000, 'winc': 3000, 'binc': 3000, 'status': 'started'}
2025-08-15 16:51:09,657 lib.lichess_bot (lichess_bot.py:826) DEBUG Game state: {'type': 'gameState', 'moves': 'g2g4 e7e5 f1g2 b8c6', 'wtime': 302940, 'btime': 299880, 'winc': 3000, 'binc': 3000, 'status': 'started'}
2025-08-15 16:51:09,657 lib.lichess_bot (lichess_bot.py:817) INFO 
2025-08-15 16:51:09,657 lib.lichess_bot (lichess_bot.py:818) INFO move: 3
2025-08-15 16:51:09,657 lib.engine_wrapper (engine_wrapper.py:722) INFO Searching for wtime 300940 btime 299880 for game bu21vkfh
2025-08-15 16:51:09,658 chess.engine (engine.py:950) DEBUG <UciProtocol (pid=30788)>: << position startpos moves g2g4 e7e5 f1g2 b8c6
2025-08-15 16:51:09,658 chess.engine (engine.py:950) DEBUG <UciProtocol (pid=30788)>: << go wtime 300940 btime 299880 winc 3000 binc 3000
2025-08-15 16:51:09,658 chess.engine (engine.py:976) DEBUG <UciProtocol (pid=30788)>: >> info string [Engine:setPosition] settings position to 'rnbqkbnr/pppppppp/8/8/8/8/PPPPPPPP/RNBQKBNR w KQkq - 0 1'
2025-08-15 16:51:09,658 chess.engine (engine.py:976) DEBUG <UciProtocol (pid=30788)>: >> info string [Engine::executeMove] execute move 'g2g4'
2025-08-15 16:51:09,658 chess.engine (engine.py:976) DEBUG <UciProtocol (pid=30788)>: >> info string [Engine::executeMove] execute move 'e7e5'
2025-08-15 16:51:09,658 chess.engine (engine.py:976) DEBUG <UciProtocol (pid=30788)>: >> info string [Engine::executeMove] execute move 'f1g2'
2025-08-15 16:51:09,658 chess.engine (engine.py:976) DEBUG <UciProtocol (pid=30788)>: >> info string [Engine::executeMove] execute move 'b8c6'
2025-08-15 16:51:09,658 chess.engine (engine.py:976) DEBUG <UciProtocol (pid=30788)>: >> info string [Engine::go] let's go!
2025-08-15 16:51:09,658 chess.engine (engine.py:976) DEBUG <UciProtocol (pid=30788)>: >> info string [Engine::go] found 26 moves
2025-08-15 16:51:09,658 chess.engine (engine.py:976) DEBUG <UciProtocol (pid=30788)>: >> bestmove g1h3
2025-08-15 16:51:09,659 lib.engine_wrapper (engine_wrapper.py:332) INFO Source: Engine
2025-08-15 16:51:09,714 urllib3.connectionpool (connectionpool.py:544) DEBUG https://lichess.org:443 "POST /api/bot/game/bu21vkfh/move/g1h3?offeringDraw=false HTTP/1.1" 200 11
2025-08-15 16:51:09,714 lib.lichess_bot (lichess_bot.py:826) DEBUG Game state: {'type': 'gameState', 'moves': 'g2g4 e7e5 f1g2 b8c6 g1h3', 'wtime': 305880, 'btime': 299880, 'winc': 3000, 'binc': 3000, 'status': 'started'}
2025-08-15 16:51:11,582 lib.lichess_bot (lichess_bot.py:826) DEBUG Game state: {'type': 'gameState', 'moves': 'g2g4 e7e5 f1g2 b8c6 g1h3 g8f6', 'wtime': 305880, 'btime': 301170, 'winc': 3000, 'binc': 3000, 'status': 'started'}
2025-08-15 16:51:11,583 lib.lichess_bot (lichess_bot.py:817) INFO 
2025-08-15 16:51:11,583 lib.lichess_bot (lichess_bot.py:818) INFO move: 4
2025-08-15 16:51:11,583 lib.engine_wrapper (engine_wrapper.py:722) INFO Searching for wtime 303880 btime 301170 for game bu21vkfh
2025-08-15 16:51:11,583 chess.engine (engine.py:950) DEBUG <UciProtocol (pid=30788)>: << position startpos moves g2g4 e7e5 f1g2 b8c6 g1h3 g8f6
2025-08-15 16:51:11,583 chess.engine (engine.py:950) DEBUG <UciProtocol (pid=30788)>: << go wtime 303880 btime 301170 winc 3000 binc 3000
2025-08-15 16:51:11,583 chess.engine (engine.py:976) DEBUG <UciProtocol (pid=30788)>: >> info string [Engine:setPosition] settings position to 'rnbqkbnr/pppppppp/8/8/8/8/PPPPPPPP/RNBQKBNR w KQkq - 0 1'
2025-08-15 16:51:11,584 chess.engine (engine.py:976) DEBUG <UciProtocol (pid=30788)>: >> info string [Engine::executeMove] execute move 'g2g4'
2025-08-15 16:51:11,584 chess.engine (engine.py:976) DEBUG <UciProtocol (pid=30788)>: >> info string [Engine::executeMove] execute move 'e7e5'
2025-08-15 16:51:11,584 chess.engine (engine.py:976) DEBUG <UciProtocol (pid=30788)>: >> info string [Engine::executeMove] execute move 'f1g2'
2025-08-15 16:51:11,584 chess.engine (engine.py:976) DEBUG <UciProtocol (pid=30788)>: >> info string [Engine::executeMove] execute move 'b8c6'
2025-08-15 16:51:11,584 chess.engine (engine.py:976) DEBUG <UciProtocol (pid=30788)>: >> info string [Engine::executeMove] execute move 'g1h3'
2025-08-15 16:51:11,584 chess.engine (engine.py:976) DEBUG <UciProtocol (pid=30788)>: >> info string [Engine::executeMove] execute move 'g8f6'
2025-08-15 16:51:11,584 chess.engine (engine.py:976) DEBUG <UciProtocol (pid=30788)>: >> info string [Engine::go] let's go!
2025-08-15 16:51:11,584 chess.engine (engine.py:976) DEBUG <UciProtocol (pid=30788)>: >> info string [Engine::go] found 27 moves
2025-08-15 16:51:11,584 chess.engine (engine.py:976) DEBUG <UciProtocol (pid=30788)>: >> bestmove g2e4
2025-08-15 16:51:11,584 lib.engine_wrapper (engine_wrapper.py:332) INFO Source: Engine
2025-08-15 16:51:11,657 urllib3.connectionpool (connectionpool.py:544) DEBUG https://lichess.org:443 "POST /api/bot/game/bu21vkfh/move/g2e4?offeringDraw=false HTTP/1.1" 200 11
2025-08-15 16:51:11,657 lib.lichess_bot (lichess_bot.py:826) DEBUG Game state: {'type': 'gameState', 'moves': 'g2g4 e7e5 f1g2 b8c6 g1h3 g8f6 g2e4', 'wtime': 308810, 'btime': 301170, 'winc': 3000, 'binc': 3000, 'status': 'started'}
2025-08-15 16:51:13,985 lib.lichess_bot (lichess_bot.py:826) DEBUG Game state: {'type': 'gameState', 'moves': 'g2g4 e7e5 f1g2 b8c6 g1h3 g8f6 g2e4 f6e4', 'wtime': 308810, 'btime': 301970, 'winc': 3000, 'binc': 3000, 'status': 'started'}
2025-08-15 16:51:13,986 lib.lichess_bot (lichess_bot.py:817) INFO 
2025-08-15 16:51:13,986 lib.lichess_bot (lichess_bot.py:818) INFO move: 5
2025-08-15 16:51:13,986 lib.engine_wrapper (engine_wrapper.py:722) INFO Searching for wtime 306810 btime 301970 for game bu21vkfh
2025-08-15 16:51:13,986 chess.engine (engine.py:950) DEBUG <UciProtocol (pid=30788)>: << position startpos moves g2g4 e7e5 f1g2 b8c6 g1h3 g8f6 g2e4 f6e4
2025-08-15 16:51:13,986 chess.engine (engine.py:950) DEBUG <UciProtocol (pid=30788)>: << go wtime 306810 btime 301970 winc 3000 binc 3000
2025-08-15 16:51:13,986 chess.engine (engine.py:976) DEBUG <UciProtocol (pid=30788)>: >> info string [Engine:setPosition] settings position to 'rnbqkbnr/pppppppp/8/8/8/8/PPPPPPPP/RNBQKBNR w KQkq - 0 1'
2025-08-15 16:51:13,987 chess.engine (engine.py:976) DEBUG <UciProtocol (pid=30788)>: >> info string [Engine::executeMove] execute move 'g2g4'
2025-08-15 16:51:13,987 chess.engine (engine.py:976) DEBUG <UciProtocol (pid=30788)>: >> info string [Engine::executeMove] execute move 'e7e5'
2025-08-15 16:51:13,987 chess.engine (engine.py:976) DEBUG <UciProtocol (pid=30788)>: >> info string [Engine::executeMove] execute move 'f1g2'
2025-08-15 16:51:13,987 chess.engine (engine.py:976) DEBUG <UciProtocol (pid=30788)>: >> info string [Engine::executeMove] execute move 'b8c6'
2025-08-15 16:51:13,987 chess.engine (engine.py:976) DEBUG <UciProtocol (pid=30788)>: >> info string [Engine::executeMove] execute move 'g1h3'
2025-08-15 16:51:13,987 chess.engine (engine.py:976) DEBUG <UciProtocol (pid=30788)>: >> info string [Engine::executeMove] execute move 'g8f6'
2025-08-15 16:51:13,987 chess.engine (engine.py:976) DEBUG <UciProtocol (pid=30788)>: >> info string [Engine::executeMove] execute move 'g2e4'
2025-08-15 16:51:13,987 chess.engine (engine.py:976) DEBUG <UciProtocol (pid=30788)>: >> info string [Engine::executeMove] execute move 'f6e4'
2025-08-15 16:51:13,987 chess.engine (engine.py:976) DEBUG <UciProtocol (pid=30788)>: >> info string [Engine::go] let's go!
2025-08-15 16:51:13,987 chess.engine (engine.py:976) DEBUG <UciProtocol (pid=30788)>: >> info string [Engine::go] found 21 moves
2025-08-15 16:51:13,987 chess.engine (engine.py:976) DEBUG <UciProtocol (pid=30788)>: >> bestmove f2f3
2025-08-15 16:51:13,987 lib.engine_wrapper (engine_wrapper.py:332) INFO Source: Engine
2025-08-15 16:51:14,055 urllib3.connectionpool (connectionpool.py:544) DEBUG https://lichess.org:443 "POST /api/bot/game/bu21vkfh/move/f2f3?offeringDraw=false HTTP/1.1" 200 11
2025-08-15 16:51:14,055 lib.lichess_bot (lichess_bot.py:826) DEBUG Game state: {'type': 'gameState', 'moves': 'g2g4 e7e5 f1g2 b8c6 g1h3 g8f6 g2e4 f6e4 f2f3', 'wtime': 311730, 'btime': 301970, 'winc': 3000, 'binc': 3000, 'status': 'started'}
2025-08-15 16:51:15,578 lib.lichess_bot (lichess_bot.py:826) DEBUG Game state: {'type': 'gameState', 'moves': 'g2g4 e7e5 f1g2 b8c6 g1h3 g8f6 g2e4 f6e4 f2f3 e4f6', 'wtime': 311730, 'btime': 303530, 'winc': 3000, 'binc': 3000, 'status': 'started'}
2025-08-15 16:51:15,578 lib.lichess_bot (lichess_bot.py:817) INFO 
2025-08-15 16:51:15,578 lib.lichess_bot (lichess_bot.py:818) INFO move: 6
2025-08-15 16:51:15,578 lib.engine_wrapper (engine_wrapper.py:722) INFO Searching for wtime 309730 btime 303530 for game bu21vkfh
2025-08-15 16:51:15,579 chess.engine (engine.py:950) DEBUG <UciProtocol (pid=30788)>: << position startpos moves g2g4 e7e5 f1g2 b8c6 g1h3 g8f6 g2e4 f6e4 f2f3 e4f6
2025-08-15 16:51:15,579 chess.engine (engine.py:950) DEBUG <UciProtocol (pid=30788)>: << go wtime 309730 btime 303530 winc 3000 binc 3000
2025-08-15 16:51:15,579 chess.engine (engine.py:976) DEBUG <UciProtocol (pid=30788)>: >> info string [Engine:setPosition] settings position to 'rnbqkbnr/pppppppp/8/8/8/8/PPPPPPPP/RNBQKBNR w KQkq - 0 1'
2025-08-15 16:51:15,579 chess.engine (engine.py:976) DEBUG <UciProtocol (pid=30788)>: >> info string [Engine::executeMove] execute move 'g2g4'
2025-08-15 16:51:15,579 chess.engine (engine.py:976) DEBUG <UciProtocol (pid=30788)>: >> info string [Engine::executeMove] execute move 'e7e5'
2025-08-15 16:51:15,579 chess.engine (engine.py:976) DEBUG <UciProtocol (pid=30788)>: >> info string [Engine::executeMove] execute move 'f1g2'
2025-08-15 16:51:15,579 chess.engine (engine.py:976) DEBUG <UciProtocol (pid=30788)>: >> info string [Engine::executeMove] execute move 'b8c6'
2025-08-15 16:51:15,579 chess.engine (engine.py:976) DEBUG <UciProtocol (pid=30788)>: >> info string [Engine::executeMove] execute move 'g1h3'
2025-08-15 16:51:15,579 chess.engine (engine.py:976) DEBUG <UciProtocol (pid=30788)>: >> info string [Engine::executeMove] execute move 'g8f6'
2025-08-15 16:51:15,579 chess.engine (engine.py:976) DEBUG <UciProtocol (pid=30788)>: >> info string [Engine::executeMove] execute move 'g2e4'
2025-08-15 16:51:15,579 chess.engine (engine.py:976) DEBUG <UciProtocol (pid=30788)>: >> info string [Engine::executeMove] execute move 'f6e4'
2025-08-15 16:51:15,579 chess.engine (engine.py:976) DEBUG <UciProtocol (pid=30788)>: >> info string [Engine::executeMove] execute move 'f2f3'
2025-08-15 16:51:15,579 chess.engine (engine.py:976) DEBUG <UciProtocol (pid=30788)>: >> info string [Engine::executeMove] execute move 'e4f6'
2025-08-15 16:51:15,579 chess.engine (engine.py:976) DEBUG <UciProtocol (pid=30788)>: >> info string [Engine::go] let's go!
2025-08-15 16:51:15,580 chess.engine (engine.py:976) DEBUG <UciProtocol (pid=30788)>: >> info string [Engine::go] found 23 moves
2025-08-15 16:51:15,580 chess.engine (engine.py:976) DEBUG <UciProtocol (pid=30788)>: >> bestmove h1f1
2025-08-15 16:51:15,580 lib.engine_wrapper (engine_wrapper.py:332) INFO Source: Engine
2025-08-15 16:51:15,635 urllib3.connectionpool (connectionpool.py:544) DEBUG https://lichess.org:443 "POST /api/bot/game/bu21vkfh/move/h1f1?offeringDraw=false HTTP/1.1" 200 11
2025-08-15 16:51:15,635 lib.lichess_bot (lichess_bot.py:826) DEBUG Game state: {'type': 'gameState', 'moves': 'g2g4 e7e5 f1g2 b8c6 g1h3 g8f6 g2e4 f6e4 f2f3 e4f6 h1f1', 'wtime': 314670, 'btime': 303530, 'winc': 3000, 'binc': 3000, 'status': 'started'}
2025-08-15 16:51:19,431 lib.lichess_bot (lichess_bot.py:826) DEBUG Game state: {'type': 'gameState', 'moves': 'g2g4 e7e5 f1g2 b8c6 g1h3 g8f6 g2e4 f6e4 f2f3 e4f6 h1f1 f8b4', 'wtime': 314670, 'btime': 302790, 'winc': 3000, 'binc': 3000, 'status': 'started'}
2025-08-15 16:51:19,431 lib.lichess_bot (lichess_bot.py:817) INFO 
2025-08-15 16:51:19,431 lib.lichess_bot (lichess_bot.py:818) INFO move: 7
2025-08-15 16:51:19,431 lib.engine_wrapper (engine_wrapper.py:722) INFO Searching for wtime 312670 btime 302790 for game bu21vkfh
2025-08-15 16:51:19,431 chess.engine (engine.py:950) DEBUG <UciProtocol (pid=30788)>: << position startpos moves g2g4 e7e5 f1g2 b8c6 g1h3 g8f6 g2e4 f6e4 f2f3 e4f6 h1f1 f8b4
2025-08-15 16:51:19,431 chess.engine (engine.py:950) DEBUG <UciProtocol (pid=30788)>: << go wtime 312670 btime 302790 winc 3000 binc 3000
2025-08-15 16:51:19,432 chess.engine (engine.py:976) DEBUG <UciProtocol (pid=30788)>: >> info string [Engine:setPosition] settings position to 'rnbqkbnr/pppppppp/8/8/8/8/PPPPPPPP/RNBQKBNR w KQkq - 0 1'
2025-08-15 16:51:19,432 chess.engine (engine.py:976) DEBUG <UciProtocol (pid=30788)>: >> info string [Engine::executeMove] execute move 'g2g4'
2025-08-15 16:51:19,432 chess.engine (engine.py:976) DEBUG <UciProtocol (pid=30788)>: >> info string [Engine::executeMove] execute move 'e7e5'
2025-08-15 16:51:19,432 chess.engine (engine.py:976) DEBUG <UciProtocol (pid=30788)>: >> info string [Engine::executeMove] execute move 'f1g2'
2025-08-15 16:51:19,432 chess.engine (engine.py:976) DEBUG <UciProtocol (pid=30788)>: >> info string [Engine::executeMove] execute move 'b8c6'
2025-08-15 16:51:19,432 chess.engine (engine.py:976) DEBUG <UciProtocol (pid=30788)>: >> info string [Engine::executeMove] execute move 'g1h3'
2025-08-15 16:51:19,432 chess.engine (engine.py:976) DEBUG <UciProtocol (pid=30788)>: >> info string [Engine::executeMove] execute move 'g8f6'
2025-08-15 16:51:19,432 chess.engine (engine.py:976) DEBUG <UciProtocol (pid=30788)>: >> info string [Engine::executeMove] execute move 'g2e4'
2025-08-15 16:51:19,432 chess.engine (engine.py:976) DEBUG <UciProtocol (pid=30788)>: >> info string [Engine::executeMove] execute move 'f6e4'
2025-08-15 16:51:19,432 chess.engine (engine.py:976) DEBUG <UciProtocol (pid=30788)>: >> info string [Engine::executeMove] execute move 'f2f3'
2025-08-15 16:51:19,432 chess.engine (engine.py:976) DEBUG <UciProtocol (pid=30788)>: >> info string [Engine::executeMove] execute move 'e4f6'
2025-08-15 16:51:19,432 chess.engine (engine.py:976) DEBUG <UciProtocol (pid=30788)>: >> info string [Engine::executeMove] execute move 'h1f1'
2025-08-15 16:51:19,432 chess.engine (engine.py:976) DEBUG <UciProtocol (pid=30788)>: >> info string [Engine::executeMove] execute move 'f8b4'
2025-08-15 16:51:19,432 chess.engine (engine.py:976) DEBUG <UciProtocol (pid=30788)>: >> info string [Engine::go] let's go!
2025-08-15 16:51:19,432 chess.engine (engine.py:976) DEBUG <UciProtocol (pid=30788)>: >> info string [Engine::go] found 19 moves
2025-08-15 16:51:19,432 chess.engine (engine.py:976) DEBUG <UciProtocol (pid=30788)>: >> bestmove a2a4
2025-08-15 16:51:19,433 lib.engine_wrapper (engine_wrapper.py:332) INFO Source: Engine
2025-08-15 16:51:19,498 urllib3.connectionpool (connectionpool.py:544) DEBUG https://lichess.org:443 "POST /api/bot/game/bu21vkfh/move/a2a4?offeringDraw=false HTTP/1.1" 200 11
2025-08-15 16:51:19,499 lib.lichess_bot (lichess_bot.py:826) DEBUG Game state: {'type': 'gameState', 'moves': 'g2g4 e7e5 f1g2 b8c6 g1h3 g8f6 g2e4 f6e4 f2f3 e4f6 h1f1 f8b4 a2a4', 'wtime': 317600, 'btime': 302790, 'winc': 3000, 'binc': 3000, 'status': 'started'}
2025-08-15 16:51:23,850 lib.lichess_bot (lichess_bot.py:826) DEBUG Game state: {'type': 'gameState', 'moves': 'g2g4 e7e5 f1g2 b8c6 g1h3 g8f6 g2e4 f6e4 f2f3 e4f6 h1f1 f8b4 a2a4 e8g8', 'wtime': 317600, 'btime': 301500, 'winc': 3000, 'binc': 3000, 'status': 'started'}
2025-08-15 16:51:23,850 lib.lichess_bot (lichess_bot.py:817) INFO 
2025-08-15 16:51:23,850 lib.lichess_bot (lichess_bot.py:818) INFO move: 8
2025-08-15 16:51:23,850 lib.engine_wrapper (engine_wrapper.py:722) INFO Searching for wtime 315600 btime 301500 for game bu21vkfh
2025-08-15 16:51:23,851 chess.engine (engine.py:950) DEBUG <UciProtocol (pid=30788)>: << position startpos moves g2g4 e7e5 f1g2 b8c6 g1h3 g8f6 g2e4 f6e4 f2f3 e4f6 h1f1 f8b4 a2a4 e8g8
2025-08-15 16:51:23,851 chess.engine (engine.py:950) DEBUG <UciProtocol (pid=30788)>: << go wtime 315600 btime 301500 winc 3000 binc 3000
2025-08-15 16:51:23,851 chess.engine (engine.py:976) DEBUG <UciProtocol (pid=30788)>: >> info string [Engine:setPosition] settings position to 'rnbqkbnr/pppppppp/8/8/8/8/PPPPPPPP/RNBQKBNR w KQkq - 0 1'
2025-08-15 16:51:23,851 chess.engine (engine.py:976) DEBUG <UciProtocol (pid=30788)>: >> info string [Engine::executeMove] execute move 'g2g4'
2025-08-15 16:51:23,851 chess.engine (engine.py:976) DEBUG <UciProtocol (pid=30788)>: >> info string [Engine::executeMove] execute move 'e7e5'
2025-08-15 16:51:23,851 chess.engine (engine.py:976) DEBUG <UciProtocol (pid=30788)>: >> info string [Engine::executeMove] execute move 'f1g2'
2025-08-15 16:51:23,851 chess.engine (engine.py:976) DEBUG <UciProtocol (pid=30788)>: >> info string [Engine::executeMove] execute move 'b8c6'
2025-08-15 16:51:23,851 chess.engine (engine.py:976) DEBUG <UciProtocol (pid=30788)>: >> info string [Engine::executeMove] execute move 'g1h3'
2025-08-15 16:51:23,851 chess.engine (engine.py:976) DEBUG <UciProtocol (pid=30788)>: >> info string [Engine::executeMove] execute move 'g8f6'
2025-08-15 16:51:23,851 chess.engine (engine.py:976) DEBUG <UciProtocol (pid=30788)>: >> info string [Engine::executeMove] execute move 'g2e4'
2025-08-15 16:51:23,852 chess.engine (engine.py:976) DEBUG <UciProtocol (pid=30788)>: >> info string [Engine::executeMove] execute move 'f6e4'
2025-08-15 16:51:23,852 chess.engine (engine.py:976) DEBUG <UciProtocol (pid=30788)>: >> info string [Engine::executeMove] execute move 'f2f3'
2025-08-15 16:51:23,852 chess.engine (engine.py:976) DEBUG <UciProtocol (pid=30788)>: >> info string [Engine::executeMove] execute move 'e4f6'
2025-08-15 16:51:23,852 chess.engine (engine.py:976) DEBUG <UciProtocol (pid=30788)>: >> info string [Engine::executeMove] execute move 'h1f1'
2025-08-15 16:51:23,852 chess.engine (engine.py:976) DEBUG <UciProtocol (pid=30788)>: >> info string [Engine::executeMove] execute move 'f8b4'
2025-08-15 16:51:23,852 chess.engine (engine.py:976) DEBUG <UciProtocol (pid=30788)>: >> info string [Engine::executeMove] execute move 'a2a4'
2025-08-15 16:51:23,852 chess.engine (engine.py:976) DEBUG <UciProtocol (pid=30788)>: >> info string [Engine::executeMove] execute move 'e8g8'
2025-08-15 16:51:23,852 chess.engine (engine.py:976) DEBUG <UciProtocol (pid=30788)>: >> info string [Engine::go] let's go!
2025-08-15 16:51:23,852 chess.engine (engine.py:976) DEBUG <UciProtocol (pid=30788)>: >> info string [Engine::go] found 20 moves
2025-08-15 16:51:23,852 chess.engine (engine.py:976) DEBUG <UciProtocol (pid=30788)>: >> bestmove f3f4
2025-08-15 16:51:23,852 lib.engine_wrapper (engine_wrapper.py:332) INFO Source: Engine
2025-08-15 16:51:23,902 urllib3.connectionpool (connectionpool.py:544) DEBUG https://lichess.org:443 "POST /api/bot/game/bu21vkfh/move/f3f4?offeringDraw=false HTTP/1.1" 200 11
2025-08-15 16:51:23,903 lib.lichess_bot (lichess_bot.py:826) DEBUG Game state: {'type': 'gameState', 'moves': 'g2g4 e7e5 f1g2 b8c6 g1h3 g8f6 g2e4 f6e4 f2f3 e4f6 h1f1 f8b4 a2a4 e8g8 f3f4', 'wtime': 320540, 'btime': 301500, 'winc': 3000, 'binc': 3000, 'status': 'started'}
2025-08-15 16:51:25,577 lib.lichess_bot (lichess_bot.py:826) DEBUG Game state: {'type': 'gameState', 'moves': 'g2g4 e7e5 f1g2 b8c6 g1h3 g8f6 g2e4 f6e4 f2f3 e4f6 h1f1 f8b4 a2a4 e8g8 f3f4 e5f4', 'wtime': 320540, 'btime': 302920, 'winc': 3000, 'binc': 3000, 'status': 'started'}
2025-08-15 16:51:25,577 lib.lichess_bot (lichess_bot.py:817) INFO 
2025-08-15 16:51:25,577 lib.lichess_bot (lichess_bot.py:818) INFO move: 9
2025-08-15 16:51:25,577 lib.engine_wrapper (engine_wrapper.py:722) INFO Searching for wtime 318540 btime 302920 for game bu21vkfh
2025-08-15 16:51:25,577 chess.engine (engine.py:950) DEBUG <UciProtocol (pid=30788)>: << position startpos moves g2g4 e7e5 f1g2 b8c6 g1h3 g8f6 g2e4 f6e4 f2f3 e4f6 h1f1 f8b4 a2a4 e8g8 f3f4 e5f4
2025-08-15 16:51:25,578 chess.engine (engine.py:950) DEBUG <UciProtocol (pid=30788)>: << go wtime 318540 btime 302920 winc 3000 binc 3000
2025-08-15 16:51:25,578 chess.engine (engine.py:976) DEBUG <UciProtocol (pid=30788)>: >> info string [Engine:setPosition] settings position to 'rnbqkbnr/pppppppp/8/8/8/8/PPPPPPPP/RNBQKBNR w KQkq - 0 1'
2025-08-15 16:51:25,578 chess.engine (engine.py:976) DEBUG <UciProtocol (pid=30788)>: >> info string [Engine::executeMove] execute move 'g2g4'
2025-08-15 16:51:25,578 chess.engine (engine.py:976) DEBUG <UciProtocol (pid=30788)>: >> info string [Engine::executeMove] execute move 'e7e5'
2025-08-15 16:51:25,578 chess.engine (engine.py:976) DEBUG <UciProtocol (pid=30788)>: >> info string [Engine::executeMove] execute move 'f1g2'
2025-08-15 16:51:25,578 chess.engine (engine.py:976) DEBUG <UciProtocol (pid=30788)>: >> info string [Engine::executeMove] execute move 'b8c6'
2025-08-15 16:51:25,578 chess.engine (engine.py:976) DEBUG <UciProtocol (pid=30788)>: >> info string [Engine::executeMove] execute move 'g1h3'
2025-08-15 16:51:25,578 chess.engine (engine.py:976) DEBUG <UciProtocol (pid=30788)>: >> info string [Engine::executeMove] execute move 'g8f6'
2025-08-15 16:51:25,578 chess.engine (engine.py:976) DEBUG <UciProtocol (pid=30788)>: >> info string [Engine::executeMove] execute move 'g2e4'
2025-08-15 16:51:25,578 chess.engine (engine.py:976) DEBUG <UciProtocol (pid=30788)>: >> info string [Engine::executeMove] execute move 'f6e4'
2025-08-15 16:51:25,578 chess.engine (engine.py:976) DEBUG <UciProtocol (pid=30788)>: >> info string [Engine::executeMove] execute move 'f2f3'
2025-08-15 16:51:25,578 chess.engine (engine.py:976) DEBUG <UciProtocol (pid=30788)>: >> info string [Engine::executeMove] execute move 'e4f6'
2025-08-15 16:51:25,578 chess.engine (engine.py:976) DEBUG <UciProtocol (pid=30788)>: >> info string [Engine::executeMove] execute move 'h1f1'
2025-08-15 16:51:25,578 chess.engine (engine.py:976) DEBUG <UciProtocol (pid=30788)>: >> info string [Engine::executeMove] execute move 'f8b4'
2025-08-15 16:51:25,578 chess.engine (engine.py:976) DEBUG <UciProtocol (pid=30788)>: >> info string [Engine::executeMove] execute move 'a2a4'
2025-08-15 16:51:25,578 chess.engine (engine.py:976) DEBUG <UciProtocol (pid=30788)>: >> info string [Engine::executeMove] execute move 'e8g8'
2025-08-15 16:51:25,578 chess.engine (engine.py:976) DEBUG <UciProtocol (pid=30788)>: >> info string [Engine::executeMove] execute move 'f3f4'
2025-08-15 16:51:25,579 chess.engine (engine.py:976) DEBUG <UciProtocol (pid=30788)>: >> info string [Engine::executeMove] execute move 'e5f4'
2025-08-15 16:51:25,579 chess.engine (engine.py:976) DEBUG <UciProtocol (pid=30788)>: >> info string [Engine::go] let's go!
2025-08-15 16:51:25,579 chess.engine (engine.py:976) DEBUG <UciProtocol (pid=30788)>: >> info string [Engine::go] found 21 moves
2025-08-15 16:51:25,579 chess.engine (engine.py:976) DEBUG <UciProtocol (pid=30788)>: >> bestmove a1a3
2025-08-15 16:51:25,579 lib.engine_wrapper (engine_wrapper.py:332) INFO Source: Engine
2025-08-15 16:51:25,647 urllib3.connectionpool (connectionpool.py:544) DEBUG https://lichess.org:443 "POST /api/bot/game/bu21vkfh/move/a1a3?offeringDraw=false HTTP/1.1" 200 11
2025-08-15 16:51:25,647 lib.lichess_bot (lichess_bot.py:826) DEBUG Game state: {'type': 'gameState', 'moves': 'g2g4 e7e5 f1g2 b8c6 g1h3 g8f6 g2e4 f6e4 f2f3 e4f6 h1f1 f8b4 a2a4 e8g8 f3f4 e5f4 a1a3', 'wtime': 323470, 'btime': 302920, 'winc': 3000, 'binc': 3000, 'status': 'started'}
2025-08-15 16:51:27,423 lib.lichess_bot (lichess_bot.py:826) DEBUG Game state: {'type': 'gameState', 'moves': 'g2g4 e7e5 f1g2 b8c6 g1h3 g8f6 g2e4 f6e4 f2f3 e4f6 h1f1 f8b4 a2a4 e8g8 f3f4 e5f4 a1a3 b4a3', 'wtime': 323470, 'btime': 304240, 'winc': 3000, 'binc': 3000, 'status': 'started'}
2025-08-15 16:51:27,423 lib.lichess_bot (lichess_bot.py:817) INFO 
2025-08-15 16:51:27,423 lib.lichess_bot (lichess_bot.py:818) INFO move: 10
2025-08-15 16:51:27,423 lib.engine_wrapper (engine_wrapper.py:722) INFO Searching for wtime 321470 btime 304240 for game bu21vkfh
2025-08-15 16:51:27,424 chess.engine (engine.py:950) DEBUG <UciProtocol (pid=30788)>: << position startpos moves g2g4 e7e5 f1g2 b8c6 g1h3 g8f6 g2e4 f6e4 f2f3 e4f6 h1f1 f8b4 a2a4 e8g8 f3f4 e5f4 a1a3 b4a3
2025-08-15 16:51:27,424 chess.engine (engine.py:950) DEBUG <UciProtocol (pid=30788)>: << go wtime 321470 btime 304240 winc 3000 binc 3000
2025-08-15 16:51:27,424 chess.engine (engine.py:976) DEBUG <UciProtocol (pid=30788)>: >> info string [Engine:setPosition] settings position to 'rnbqkbnr/pppppppp/8/8/8/8/PPPPPPPP/RNBQKBNR w KQkq - 0 1'
2025-08-15 16:51:27,424 chess.engine (engine.py:976) DEBUG <UciProtocol (pid=30788)>: >> info string [Engine::executeMove] execute move 'g2g4'
2025-08-15 16:51:27,424 chess.engine (engine.py:976) DEBUG <UciProtocol (pid=30788)>: >> info string [Engine::executeMove] execute move 'e7e5'
2025-08-15 16:51:27,424 chess.engine (engine.py:976) DEBUG <UciProtocol (pid=30788)>: >> info string [Engine::executeMove] execute move 'f1g2'
2025-08-15 16:51:27,424 chess.engine (engine.py:976) DEBUG <UciProtocol (pid=30788)>: >> info string [Engine::executeMove] execute move 'b8c6'
2025-08-15 16:51:27,424 chess.engine (engine.py:976) DEBUG <UciProtocol (pid=30788)>: >> info string [Engine::executeMove] execute move 'g1h3'
2025-08-15 16:51:27,424 chess.engine (engine.py:976) DEBUG <UciProtocol (pid=30788)>: >> info string [Engine::executeMove] execute move 'g8f6'
2025-08-15 16:51:27,424 chess.engine (engine.py:976) DEBUG <UciProtocol (pid=30788)>: >> info string [Engine::executeMove] execute move 'g2e4'
2025-08-15 16:51:27,425 chess.engine (engine.py:976) DEBUG <UciProtocol (pid=30788)>: >> info string [Engine::executeMove] execute move 'f6e4'
2025-08-15 16:51:27,425 chess.engine (engine.py:976) DEBUG <UciProtocol (pid=30788)>: >> info string [Engine::executeMove] execute move 'f2f3'
2025-08-15 16:51:27,425 chess.engine (engine.py:976) DEBUG <UciProtocol (pid=30788)>: >> info string [Engine::executeMove] execute move 'e4f6'
2025-08-15 16:51:27,425 chess.engine (engine.py:976) DEBUG <UciProtocol (pid=30788)>: >> info string [Engine::executeMove] execute move 'h1f1'
2025-08-15 16:51:27,425 chess.engine (engine.py:976) DEBUG <UciProtocol (pid=30788)>: >> info string [Engine::executeMove] execute move 'f8b4'
2025-08-15 16:51:27,425 chess.engine (engine.py:976) DEBUG <UciProtocol (pid=30788)>: >> info string [Engine::executeMove] execute move 'a2a4'
2025-08-15 16:51:27,425 chess.engine (engine.py:976) DEBUG <UciProtocol (pid=30788)>: >> info string [Engine::executeMove] execute move 'e8g8'
2025-08-15 16:51:27,425 chess.engine (engine.py:976) DEBUG <UciProtocol (pid=30788)>: >> info string [Engine::executeMove] execute move 'f3f4'
2025-08-15 16:51:27,425 chess.engine (engine.py:976) DEBUG <UciProtocol (pid=30788)>: >> info string [Engine::executeMove] execute move 'e5f4'
2025-08-15 16:51:27,425 chess.engine (engine.py:976) DEBUG <UciProtocol (pid=30788)>: >> info string [Engine::executeMove] execute move 'a1a3'
2025-08-15 16:51:27,425 chess.engine (engine.py:976) DEBUG <UciProtocol (pid=30788)>: >> info string [Engine::executeMove] execute move 'b4a3'
2025-08-15 16:51:27,425 chess.engine (engine.py:976) DEBUG <UciProtocol (pid=30788)>: >> info string [Engine::go] let's go!
2025-08-15 16:51:27,425 chess.engine (engine.py:976) DEBUG <UciProtocol (pid=30788)>: >> info string [Engine::go] found 23 moves
2025-08-15 16:51:27,425 chess.engine (engine.py:976) DEBUG <UciProtocol (pid=30788)>: >> bestmove h3g1
2025-08-15 16:51:27,425 lib.engine_wrapper (engine_wrapper.py:332) INFO Source: Engine
2025-08-15 16:51:27,485 urllib3.connectionpool (connectionpool.py:544) DEBUG https://lichess.org:443 "POST /api/bot/game/bu21vkfh/move/h3g1?offeringDraw=false HTTP/1.1" 200 11
2025-08-15 16:51:27,486 lib.lichess_bot (lichess_bot.py:826) DEBUG Game state: {'type': 'gameState', 'moves': 'g2g4 e7e5 f1g2 b8c6 g1h3 g8f6 g2e4 f6e4 f2f3 e4f6 h1f1 f8b4 a2a4 e8g8 f3f4 e5f4 a1a3 b4a3 h3g1', 'wtime': 326400, 'btime': 304240, 'winc': 3000, 'binc': 3000, 'status': 'started'}
2025-08-15 16:51:29,976 lib.lichess_bot (lichess_bot.py:826) DEBUG Game state: {'type': 'gameState', 'moves': 'g2g4 e7e5 f1g2 b8c6 g1h3 g8f6 g2e4 f6e4 f2f3 e4f6 h1f1 f8b4 a2a4 e8g8 f3f4 e5f4 a1a3 b4a3 h3g1 d7d5', 'wtime': 326400, 'btime': 304890, 'winc': 3000, 'binc': 3000, 'status': 'started'}
2025-08-15 16:51:29,977 lib.lichess_bot (lichess_bot.py:817) INFO 
2025-08-15 16:51:29,977 lib.lichess_bot (lichess_bot.py:818) INFO move: 11
2025-08-15 16:51:29,977 lib.engine_wrapper (engine_wrapper.py:722) INFO Searching for wtime 324400 btime 304890 for game bu21vkfh
2025-08-15 16:51:29,977 chess.engine (engine.py:950) DEBUG <UciProtocol (pid=30788)>: << position startpos moves g2g4 e7e5 f1g2 b8c6 g1h3 g8f6 g2e4 f6e4 f2f3 e4f6 h1f1 f8b4 a2a4 e8g8 f3f4 e5f4 a1a3 b4a3 h3g1 d7d5
2025-08-15 16:51:29,978 chess.engine (engine.py:950) DEBUG <UciProtocol (pid=30788)>: << go wtime 324400 btime 304890 winc 3000 binc 3000
2025-08-15 16:51:29,978 chess.engine (engine.py:976) DEBUG <UciProtocol (pid=30788)>: >> info string [Engine:setPosition] settings position to 'rnbqkbnr/pppppppp/8/8/8/8/PPPPPPPP/RNBQKBNR w KQkq - 0 1'
2025-08-15 16:51:29,978 chess.engine (engine.py:976) DEBUG <UciProtocol (pid=30788)>: >> info string [Engine::executeMove] execute move 'g2g4'
2025-08-15 16:51:29,978 chess.engine (engine.py:976) DEBUG <UciProtocol (pid=30788)>: >> info string [Engine::executeMove] execute move 'e7e5'
2025-08-15 16:51:29,978 chess.engine (engine.py:976) DEBUG <UciProtocol (pid=30788)>: >> info string [Engine::executeMove] execute move 'f1g2'
2025-08-15 16:51:29,978 chess.engine (engine.py:976) DEBUG <UciProtocol (pid=30788)>: >> info string [Engine::executeMove] execute move 'b8c6'
2025-08-15 16:51:29,978 chess.engine (engine.py:976) DEBUG <UciProtocol (pid=30788)>: >> info string [Engine::executeMove] execute move 'g1h3'
2025-08-15 16:51:29,978 chess.engine (engine.py:976) DEBUG <UciProtocol (pid=30788)>: >> info string [Engine::executeMove] execute move 'g8f6'
2025-08-15 16:51:29,978 chess.engine (engine.py:976) DEBUG <UciProtocol (pid=30788)>: >> info string [Engine::executeMove] execute move 'g2e4'
2025-08-15 16:51:29,978 chess.engine (engine.py:976) DEBUG <UciProtocol (pid=30788)>: >> info string [Engine::executeMove] execute move 'f6e4'
2025-08-15 16:51:29,978 chess.engine (engine.py:976) DEBUG <UciProtocol (pid=30788)>: >> info string [Engine::executeMove] execute move 'f2f3'
2025-08-15 16:51:29,978 chess.engine (engine.py:976) DEBUG <UciProtocol (pid=30788)>: >> info string [Engine::executeMove] execute move 'e4f6'
2025-08-15 16:51:29,978 chess.engine (engine.py:976) DEBUG <UciProtocol (pid=30788)>: >> info string [Engine::executeMove] execute move 'h1f1'
2025-08-15 16:51:29,978 chess.engine (engine.py:976) DEBUG <UciProtocol (pid=30788)>: >> info string [Engine::executeMove] execute move 'f8b4'
2025-08-15 16:51:29,978 chess.engine (engine.py:976) DEBUG <UciProtocol (pid=30788)>: >> info string [Engine::executeMove] execute move 'a2a4'
2025-08-15 16:51:29,978 chess.engine (engine.py:976) DEBUG <UciProtocol (pid=30788)>: >> info string [Engine::executeMove] execute move 'e8g8'
2025-08-15 16:51:29,978 chess.engine (engine.py:976) DEBUG <UciProtocol (pid=30788)>: >> info string [Engine::executeMove] execute move 'f3f4'
2025-08-15 16:51:29,978 chess.engine (engine.py:976) DEBUG <UciProtocol (pid=30788)>: >> info string [Engine::executeMove] execute move 'e5f4'
2025-08-15 16:51:29,978 chess.engine (engine.py:976) DEBUG <UciProtocol (pid=30788)>: >> info string [Engine::executeMove] execute move 'a1a3'
2025-08-15 16:51:29,978 chess.engine (engine.py:976) DEBUG <UciProtocol (pid=30788)>: >> info string [Engine::executeMove] execute move 'b4a3'
2025-08-15 16:51:29,978 chess.engine (engine.py:976) DEBUG <UciProtocol (pid=30788)>: >> info string [Engine::executeMove] execute move 'h3g1'
2025-08-15 16:51:29,979 chess.engine (engine.py:976) DEBUG <UciProtocol (pid=30788)>: >> info string [Engine::executeMove] execute move 'd7d5'
2025-08-15 16:51:29,979 chess.engine (engine.py:976) DEBUG <UciProtocol (pid=30788)>: >> info string [Engine::go] let's go!
2025-08-15 16:51:29,979 chess.engine (engine.py:976) DEBUG <UciProtocol (pid=30788)>: >> info string [Engine::go] found 21 moves
2025-08-15 16:51:29,979 chess.engine (engine.py:976) DEBUG <UciProtocol (pid=30788)>: >> bestmove a4a5
2025-08-15 16:51:29,979 lib.engine_wrapper (engine_wrapper.py:332) INFO Source: Engine
2025-08-15 16:51:30,035 urllib3.connectionpool (connectionpool.py:544) DEBUG https://lichess.org:443 "POST /api/bot/game/bu21vkfh/move/a4a5?offeringDraw=false HTTP/1.1" 200 11
2025-08-15 16:51:30,035 lib.lichess_bot (lichess_bot.py:826) DEBUG Game state: {'type': 'gameState', 'moves': 'g2g4 e7e5 f1g2 b8c6 g1h3 g8f6 g2e4 f6e4 f2f3 e4f6 h1f1 f8b4 a2a4 e8g8 f3f4 e5f4 a1a3 b4a3 h3g1 d7d5 a4a5', 'wtime': 329340, 'btime': 304890, 'winc': 3000, 'binc': 3000, 'status': 'started'}
2025-08-15 16:51:32,561 lib.lichess_bot (lichess_bot.py:826) DEBUG Game state: {'type': 'gameState', 'moves': 'g2g4 e7e5 f1g2 b8c6 g1h3 g8f6 g2e4 f6e4 f2f3 e4f6 h1f1 f8b4 a2a4 e8g8 f3f4 e5f4 a1a3 b4a3 h3g1 d7d5 a4a5 c6a5', 'wtime': 329340, 'btime': 305420, 'winc': 3000, 'binc': 3000, 'status': 'started'}
2025-08-15 16:51:32,562 lib.lichess_bot (lichess_bot.py:817) INFO 
2025-08-15 16:51:32,562 lib.lichess_bot (lichess_bot.py:818) INFO move: 12
2025-08-15 16:51:32,562 lib.engine_wrapper (engine_wrapper.py:722) INFO Searching for wtime 327340 btime 305420 for game bu21vkfh
2025-08-15 16:51:32,562 chess.engine (engine.py:950) DEBUG <UciProtocol (pid=30788)>: << position startpos moves g2g4 e7e5 f1g2 b8c6 g1h3 g8f6 g2e4 f6e4 f2f3 e4f6 h1f1 f8b4 a2a4 e8g8 f3f4 e5f4 a1a3 b4a3 h3g1 d7d5 a4a5 c6a5
2025-08-15 16:51:32,562 chess.engine (engine.py:950) DEBUG <UciProtocol (pid=30788)>: << go wtime 327340 btime 305420 winc 3000 binc 3000
2025-08-15 16:51:32,562 chess.engine (engine.py:976) DEBUG <UciProtocol (pid=30788)>: >> info string [Engine:setPosition] settings position to 'rnbqkbnr/pppppppp/8/8/8/8/PPPPPPPP/RNBQKBNR w KQkq - 0 1'
2025-08-15 16:51:32,562 chess.engine (engine.py:976) DEBUG <UciProtocol (pid=30788)>: >> info string [Engine::executeMove] execute move 'g2g4'
2025-08-15 16:51:32,562 chess.engine (engine.py:976) DEBUG <UciProtocol (pid=30788)>: >> info string [Engine::executeMove] execute move 'e7e5'
2025-08-15 16:51:32,563 chess.engine (engine.py:976) DEBUG <UciProtocol (pid=30788)>: >> info string [Engine::executeMove] execute move 'f1g2'
2025-08-15 16:51:32,563 chess.engine (engine.py:976) DEBUG <UciProtocol (pid=30788)>: >> info string [Engine::executeMove] execute move 'b8c6'
2025-08-15 16:51:32,563 chess.engine (engine.py:976) DEBUG <UciProtocol (pid=30788)>: >> info string [Engine::executeMove] execute move 'g1h3'
2025-08-15 16:51:32,563 chess.engine (engine.py:976) DEBUG <UciProtocol (pid=30788)>: >> info string [Engine::executeMove] execute move 'g8f6'
2025-08-15 16:51:32,563 chess.engine (engine.py:976) DEBUG <UciProtocol (pid=30788)>: >> info string [Engine::executeMove] execute move 'g2e4'
2025-08-15 16:51:32,563 chess.engine (engine.py:976) DEBUG <UciProtocol (pid=30788)>: >> info string [Engine::executeMove] execute move 'f6e4'
2025-08-15 16:51:32,563 chess.engine (engine.py:976) DEBUG <UciProtocol (pid=30788)>: >> info string [Engine::executeMove] execute move 'f2f3'
2025-08-15 16:51:32,563 chess.engine (engine.py:976) DEBUG <UciProtocol (pid=30788)>: >> info string [Engine::executeMove] execute move 'e4f6'
2025-08-15 16:51:32,563 chess.engine (engine.py:976) DEBUG <UciProtocol (pid=30788)>: >> info string [Engine::executeMove] execute move 'h1f1'
2025-08-15 16:51:32,563 chess.engine (engine.py:976) DEBUG <UciProtocol (pid=30788)>: >> info string [Engine::executeMove] execute move 'f8b4'
2025-08-15 16:51:32,563 chess.engine (engine.py:976) DEBUG <UciProtocol (pid=30788)>: >> info string [Engine::executeMove] execute move 'a2a4'
2025-08-15 16:51:32,563 chess.engine (engine.py:976) DEBUG <UciProtocol (pid=30788)>: >> info string [Engine::executeMove] execute move 'e8g8'
2025-08-15 16:51:32,563 chess.engine (engine.py:976) DEBUG <UciProtocol (pid=30788)>: >> info string [Engine::executeMove] execute move 'f3f4'
2025-08-15 16:51:32,563 chess.engine (engine.py:976) DEBUG <UciProtocol (pid=30788)>: >> info string [Engine::executeMove] execute move 'e5f4'
2025-08-15 16:51:32,563 chess.engine (engine.py:976) DEBUG <UciProtocol (pid=30788)>: >> info string [Engine::executeMove] execute move 'a1a3'
2025-08-15 16:51:32,563 chess.engine (engine.py:976) DEBUG <UciProtocol (pid=30788)>: >> info string [Engine::executeMove] execute move 'b4a3'
2025-08-15 16:51:32,563 chess.engine (engine.py:976) DEBUG <UciProtocol (pid=30788)>: >> info string [Engine::executeMove] execute move 'h3g1'
2025-08-15 16:51:32,563 chess.engine (engine.py:976) DEBUG <UciProtocol (pid=30788)>: >> info string [Engine::executeMove] execute move 'd7d5'
2025-08-15 16:51:32,563 chess.engine (engine.py:976) DEBUG <UciProtocol (pid=30788)>: >> info string [Engine::executeMove] execute move 'a4a5'
2025-08-15 16:51:32,563 chess.engine (engine.py:976) DEBUG <UciProtocol (pid=30788)>: >> info string [Engine::executeMove] execute move 'c6a5'
2025-08-15 16:51:32,564 chess.engine (engine.py:976) DEBUG <UciProtocol (pid=30788)>: >> info string [Engine::go] let's go!
2025-08-15 16:51:32,564 chess.engine (engine.py:976) DEBUG <UciProtocol (pid=30788)>: >> info string [Engine::go] found 20 moves
2025-08-15 16:51:32,564 chess.engine (engine.py:976) DEBUG <UciProtocol (pid=30788)>: >> bestmove e2e4
2025-08-15 16:51:32,564 lib.engine_wrapper (engine_wrapper.py:332) INFO Source: Engine
2025-08-15 16:51:32,616 urllib3.connectionpool (connectionpool.py:544) DEBUG https://lichess.org:443 "POST /api/bot/game/bu21vkfh/move/e2e4?offeringDraw=false HTTP/1.1" 200 11
2025-08-15 16:51:32,620 lib.lichess_bot (lichess_bot.py:826) DEBUG Game state: {'type': 'gameState', 'moves': 'g2g4 e7e5 f1g2 b8c6 g1h3 g8f6 g2e4 f6e4 f2f3 e4f6 h1f1 f8b4 a2a4 e8g8 f3f4 e5f4 a1a3 b4a3 h3g1 d7d5 a4a5 c6a5 e2e4', 'wtime': 332290, 'btime': 305420, 'winc': 3000, 'binc': 3000, 'status': 'started'}
2025-08-15 16:51:36,103 lib.lichess_bot (lichess_bot.py:826) DEBUG Game state: {'type': 'gameState', 'moves': 'g2g4 e7e5 f1g2 b8c6 g1h3 g8f6 g2e4 f6e4 f2f3 e4f6 h1f1 f8b4 a2a4 e8g8 f3f4 e5f4 a1a3 b4a3 h3g1 d7d5 a4a5 c6a5 e2e4 d5e4', 'wtime': 332290, 'btime': 305100, 'winc': 3000, 'binc': 3000, 'status': 'started'}
2025-08-15 16:51:36,103 lib.lichess_bot (lichess_bot.py:817) INFO 
2025-08-15 16:51:36,103 lib.lichess_bot (lichess_bot.py:818) INFO move: 13
2025-08-15 16:51:36,104 lib.engine_wrapper (engine_wrapper.py:722) INFO Searching for wtime 330290 btime 305100 for game bu21vkfh
2025-08-15 16:51:36,104 chess.engine (engine.py:950) DEBUG <UciProtocol (pid=30788)>: << position startpos moves g2g4 e7e5 f1g2 b8c6 g1h3 g8f6 g2e4 f6e4 f2f3 e4f6 h1f1 f8b4 a2a4 e8g8 f3f4 e5f4 a1a3 b4a3 h3g1 d7d5 a4a5 c6a5 e2e4 d5e4
2025-08-15 16:51:36,104 chess.engine (engine.py:950) DEBUG <UciProtocol (pid=30788)>: << go wtime 330290 btime 305100 winc 3000 binc 3000
2025-08-15 16:51:36,104 chess.engine (engine.py:976) DEBUG <UciProtocol (pid=30788)>: >> info string [Engine:setPosition] settings position to 'rnbqkbnr/pppppppp/8/8/8/8/PPPPPPPP/RNBQKBNR w KQkq - 0 1'
2025-08-15 16:51:36,104 chess.engine (engine.py:976) DEBUG <UciProtocol (pid=30788)>: >> info string [Engine::executeMove] execute move 'g2g4'
2025-08-15 16:51:36,104 chess.engine (engine.py:976) DEBUG <UciProtocol (pid=30788)>: >> info string [Engine::executeMove] execute move 'e7e5'
2025-08-15 16:51:36,104 chess.engine (engine.py:976) DEBUG <UciProtocol (pid=30788)>: >> info string [Engine::executeMove] execute move 'f1g2'
2025-08-15 16:51:36,104 chess.engine (engine.py:976) DEBUG <UciProtocol (pid=30788)>: >> info string [Engine::executeMove] execute move 'b8c6'
2025-08-15 16:51:36,104 chess.engine (engine.py:976) DEBUG <UciProtocol (pid=30788)>: >> info string [Engine::executeMove] execute move 'g1h3'
2025-08-15 16:51:36,104 chess.engine (engine.py:976) DEBUG <UciProtocol (pid=30788)>: >> info string [Engine::executeMove] execute move 'g8f6'
2025-08-15 16:51:36,104 chess.engine (engine.py:976) DEBUG <UciProtocol (pid=30788)>: >> info string [Engine::executeMove] execute move 'g2e4'
2025-08-15 16:51:36,104 chess.engine (engine.py:976) DEBUG <UciProtocol (pid=30788)>: >> info string [Engine::executeMove] execute move 'f6e4'
2025-08-15 16:51:36,105 chess.engine (engine.py:976) DEBUG <UciProtocol (pid=30788)>: >> info string [Engine::executeMove] execute move 'f2f3'
2025-08-15 16:51:36,105 chess.engine (engine.py:976) DEBUG <UciProtocol (pid=30788)>: >> info string [Engine::executeMove] execute move 'e4f6'
2025-08-15 16:51:36,105 chess.engine (engine.py:976) DEBUG <UciProtocol (pid=30788)>: >> info string [Engine::executeMove] execute move 'h1f1'
2025-08-15 16:51:36,105 chess.engine (engine.py:976) DEBUG <UciProtocol (pid=30788)>: >> info string [Engine::executeMove] execute move 'f8b4'
2025-08-15 16:51:36,105 chess.engine (engine.py:976) DEBUG <UciProtocol (pid=30788)>: >> info string [Engine::executeMove] execute move 'a2a4'
2025-08-15 16:51:36,105 chess.engine (engine.py:976) DEBUG <UciProtocol (pid=30788)>: >> info string [Engine::executeMove] execute move 'e8g8'
2025-08-15 16:51:36,105 chess.engine (engine.py:976) DEBUG <UciProtocol (pid=30788)>: >> info string [Engine::executeMove] execute move 'f3f4'
2025-08-15 16:51:36,105 chess.engine (engine.py:976) DEBUG <UciProtocol (pid=30788)>: >> info string [Engine::executeMove] execute move 'e5f4'
2025-08-15 16:51:36,105 chess.engine (engine.py:976) DEBUG <UciProtocol (pid=30788)>: >> info string [Engine::executeMove] execute move 'a1a3'
2025-08-15 16:51:36,105 chess.engine (engine.py:976) DEBUG <UciProtocol (pid=30788)>: >> info string [Engine::executeMove] execute move 'b4a3'
2025-08-15 16:51:36,105 chess.engine (engine.py:976) DEBUG <UciProtocol (pid=30788)>: >> info string [Engine::executeMove] execute move 'h3g1'
2025-08-15 16:51:36,105 chess.engine (engine.py:976) DEBUG <UciProtocol (pid=30788)>: >> info string [Engine::executeMove] execute move 'd7d5'
2025-08-15 16:51:36,105 chess.engine (engine.py:976) DEBUG <UciProtocol (pid=30788)>: >> info string [Engine::executeMove] execute move 'a4a5'
2025-08-15 16:51:36,105 chess.engine (engine.py:976) DEBUG <UciProtocol (pid=30788)>: >> info string [Engine::executeMove] execute move 'c6a5'
2025-08-15 16:51:36,105 chess.engine (engine.py:976) DEBUG <UciProtocol (pid=30788)>: >> info string [Engine::executeMove] execute move 'e2e4'
2025-08-15 16:51:36,105 chess.engine (engine.py:976) DEBUG <UciProtocol (pid=30788)>: >> info string [Engine::executeMove] execute move 'd5e4'
2025-08-15 16:51:36,105 chess.engine (engine.py:976) DEBUG <UciProtocol (pid=30788)>: >> info string [Engine::go] let's go!
2025-08-15 16:51:36,105 chess.engine (engine.py:976) DEBUG <UciProtocol (pid=30788)>: >> info string [Engine::go] found 22 moves
2025-08-15 16:51:36,105 chess.engine (engine.py:976) DEBUG <UciProtocol (pid=30788)>: >> bestmove b1a3
2025-08-15 16:51:36,106 lib.engine_wrapper (engine_wrapper.py:332) INFO Source: Engine
2025-08-15 16:51:36,219 urllib3.connectionpool (connectionpool.py:544) DEBUG https://lichess.org:443 "POST /api/bot/game/bu21vkfh/move/b1a3?offeringDraw=false HTTP/1.1" 200 11
2025-08-15 16:51:36,219 lib.lichess_bot (lichess_bot.py:826) DEBUG Game state: {'type': 'gameState', 'moves': 'g2g4 e7e5 f1g2 b8c6 g1h3 g8f6 g2e4 f6e4 f2f3 e4f6 h1f1 f8b4 a2a4 e8g8 f3f4 e5f4 a1a3 b4a3 h3g1 d7d5 a4a5 c6a5 e2e4 d5e4 b1a3', 'wtime': 335130, 'btime': 305100, 'winc': 3000, 'binc': 3000, 'status': 'started'}
2025-08-15 16:51:42,378 lib.lichess_bot (lichess_bot.py:826) DEBUG Game state: {'type': 'gameState', 'moves': 'g2g4 e7e5 f1g2 b8c6 g1h3 g8f6 g2e4 f6e4 f2f3 e4f6 h1f1 f8b4 a2a4 e8g8 f3f4 e5f4 a1a3 b4a3 h3g1 d7d5 a4a5 c6a5 e2e4 d5e4 b1a3 f4f3', 'wtime': 335130, 'btime': 302070, 'winc': 3000, 'binc': 3000, 'status': 'started'}
2025-08-15 16:51:42,378 lib.lichess_bot (lichess_bot.py:817) INFO 
2025-08-15 16:51:42,378 lib.lichess_bot (lichess_bot.py:818) INFO move: 14
2025-08-15 16:51:42,379 lib.engine_wrapper (engine_wrapper.py:722) INFO Searching for wtime 333130 btime 302070 for game bu21vkfh
2025-08-15 16:51:42,379 chess.engine (engine.py:950) DEBUG <UciProtocol (pid=30788)>: << position startpos moves g2g4 e7e5 f1g2 b8c6 g1h3 g8f6 g2e4 f6e4 f2f3 e4f6 h1f1 f8b4 a2a4 e8g8 f3f4 e5f4 a1a3 b4a3 h3g1 d7d5 a4a5 c6a5 e2e4 d5e4 b1a3 f4f3
2025-08-15 16:51:42,379 chess.engine (engine.py:950) DEBUG <UciProtocol (pid=30788)>: << go wtime 333130 btime 302070 winc 3000 binc 3000
2025-08-15 16:51:42,379 chess.engine (engine.py:976) DEBUG <UciProtocol (pid=30788)>: >> info string [Engine:setPosition] settings position to 'rnbqkbnr/pppppppp/8/8/8/8/PPPPPPPP/RNBQKBNR w KQkq - 0 1'
2025-08-15 16:51:42,379 chess.engine (engine.py:976) DEBUG <UciProtocol (pid=30788)>: >> info string [Engine::executeMove] execute move 'g2g4'
2025-08-15 16:51:42,379 chess.engine (engine.py:976) DEBUG <UciProtocol (pid=30788)>: >> info string [Engine::executeMove] execute move 'e7e5'
2025-08-15 16:51:42,379 chess.engine (engine.py:976) DEBUG <UciProtocol (pid=30788)>: >> info string [Engine::executeMove] execute move 'f1g2'
2025-08-15 16:51:42,379 chess.engine (engine.py:976) DEBUG <UciProtocol (pid=30788)>: >> info string [Engine::executeMove] execute move 'b8c6'
2025-08-15 16:51:42,380 chess.engine (engine.py:976) DEBUG <UciProtocol (pid=30788)>: >> info string [Engine::executeMove] execute move 'g1h3'
2025-08-15 16:51:42,380 chess.engine (engine.py:976) DEBUG <UciProtocol (pid=30788)>: >> info string [Engine::executeMove] execute move 'g8f6'
2025-08-15 16:51:42,380 chess.engine (engine.py:976) DEBUG <UciProtocol (pid=30788)>: >> info string [Engine::executeMove] execute move 'g2e4'
2025-08-15 16:51:42,380 chess.engine (engine.py:976) DEBUG <UciProtocol (pid=30788)>: >> info string [Engine::executeMove] execute move 'f6e4'
2025-08-15 16:51:42,380 chess.engine (engine.py:976) DEBUG <UciProtocol (pid=30788)>: >> info string [Engine::executeMove] execute move 'f2f3'
2025-08-15 16:51:42,380 chess.engine (engine.py:976) DEBUG <UciProtocol (pid=30788)>: >> info string [Engine::executeMove] execute move 'e4f6'
2025-08-15 16:51:42,380 chess.engine (engine.py:976) DEBUG <UciProtocol (pid=30788)>: >> info string [Engine::executeMove] execute move 'h1f1'
2025-08-15 16:51:42,380 chess.engine (engine.py:976) DEBUG <UciProtocol (pid=30788)>: >> info string [Engine::executeMove] execute move 'f8b4'
2025-08-15 16:51:42,380 chess.engine (engine.py:976) DEBUG <UciProtocol (pid=30788)>: >> info string [Engine::executeMove] execute move 'a2a4'
2025-08-15 16:51:42,380 chess.engine (engine.py:976) DEBUG <UciProtocol (pid=30788)>: >> info string [Engine::executeMove] execute move 'e8g8'
2025-08-15 16:51:42,380 chess.engine (engine.py:976) DEBUG <UciProtocol (pid=30788)>: >> info string [Engine::executeMove] execute move 'f3f4'
2025-08-15 16:51:42,380 chess.engine (engine.py:976) DEBUG <UciProtocol (pid=30788)>: >> info string [Engine::executeMove] execute move 'e5f4'
2025-08-15 16:51:42,380 chess.engine (engine.py:976) DEBUG <UciProtocol (pid=30788)>: >> info string [Engine::executeMove] execute move 'a1a3'
2025-08-15 16:51:42,380 chess.engine (engine.py:976) DEBUG <UciProtocol (pid=30788)>: >> info string [Engine::executeMove] execute move 'b4a3'
2025-08-15 16:51:42,380 chess.engine (engine.py:976) DEBUG <UciProtocol (pid=30788)>: >> info string [Engine::executeMove] execute move 'h3g1'
2025-08-15 16:51:42,380 chess.engine (engine.py:976) DEBUG <UciProtocol (pid=30788)>: >> info string [Engine::executeMove] execute move 'd7d5'
2025-08-15 16:51:42,380 chess.engine (engine.py:976) DEBUG <UciProtocol (pid=30788)>: >> info string [Engine::executeMove] execute move 'a4a5'
2025-08-15 16:51:42,380 chess.engine (engine.py:976) DEBUG <UciProtocol (pid=30788)>: >> info string [Engine::executeMove] execute move 'c6a5'
2025-08-15 16:51:42,380 chess.engine (engine.py:976) DEBUG <UciProtocol (pid=30788)>: >> info string [Engine::executeMove] execute move 'e2e4'
2025-08-15 16:51:42,380 chess.engine (engine.py:976) DEBUG <UciProtocol (pid=30788)>: >> info string [Engine::executeMove] execute move 'd5e4'
2025-08-15 16:51:42,380 chess.engine (engine.py:976) DEBUG <UciProtocol (pid=30788)>: >> info string [Engine::executeMove] execute move 'b1a3'
2025-08-15 16:51:42,381 chess.engine (engine.py:976) DEBUG <UciProtocol (pid=30788)>: >> info string [Engine::executeMove] execute move 'f4f3'
2025-08-15 16:51:42,381 chess.engine (engine.py:976) DEBUG <UciProtocol (pid=30788)>: >> info string [Engine::go] let's go!
2025-08-15 16:51:42,381 chess.engine (engine.py:976) DEBUG <UciProtocol (pid=30788)>: >> info string [Engine::go] found 20 moves
2025-08-15 16:51:42,381 chess.engine (engine.py:976) DEBUG <UciProtocol (pid=30788)>: >> bestmove e1f2
2025-08-15 16:51:42,381 lib.engine_wrapper (engine_wrapper.py:332) INFO Source: Engine
2025-08-15 16:51:42,434 urllib3.connectionpool (connectionpool.py:544) DEBUG https://lichess.org:443 "POST /api/bot/game/bu21vkfh/move/e1f2?offeringDraw=false HTTP/1.1" 200 11
2025-08-15 16:51:42,438 lib.lichess_bot (lichess_bot.py:826) DEBUG Game state: {'type': 'gameState', 'moves': 'g2g4 e7e5 f1g2 b8c6 g1h3 g8f6 g2e4 f6e4 f2f3 e4f6 h1f1 f8b4 a2a4 e8g8 f3f4 e5f4 a1a3 b4a3 h3g1 d7d5 a4a5 c6a5 e2e4 d5e4 b1a3 f4f3 e1f2', 'wtime': 338070, 'btime': 302070, 'winc': 3000, 'binc': 3000, 'status': 'started'}
2025-08-15 16:51:51,625 lib.lichess_bot (lichess_bot.py:826) DEBUG Game state: {'type': 'gameState', 'moves': 'g2g4 e7e5 f1g2 b8c6 g1h3 g8f6 g2e4 f6e4 f2f3 e4f6 h1f1 f8b4 a2a4 e8g8 f3f4 e5f4 a1a3 b4a3 h3g1 d7d5 a4a5 c6a5 e2e4 d5e4 b1a3 f4f3 e1f2 d8d6', 'wtime': 338070, 'btime': 295960, 'winc': 3000, 'binc': 3000, 'status': 'started'}
2025-08-15 16:51:51,626 lib.lichess_bot (lichess_bot.py:817) INFO 
2025-08-15 16:51:51,626 lib.lichess_bot (lichess_bot.py:818) INFO move: 15
2025-08-15 16:51:51,626 lib.engine_wrapper (engine_wrapper.py:722) INFO Searching for wtime 336070 btime 295960 for game bu21vkfh
2025-08-15 16:51:51,626 chess.engine (engine.py:950) DEBUG <UciProtocol (pid=30788)>: << position startpos moves g2g4 e7e5 f1g2 b8c6 g1h3 g8f6 g2e4 f6e4 f2f3 e4f6 h1f1 f8b4 a2a4 e8g8 f3f4 e5f4 a1a3 b4a3 h3g1 d7d5 a4a5 c6a5 e2e4 d5e4 b1a3 f4f3 e1f2 d8d6
2025-08-15 16:51:51,626 chess.engine (engine.py:950) DEBUG <UciProtocol (pid=30788)>: << go wtime 336070 btime 295960 winc 3000 binc 3000
2025-08-15 16:51:51,627 chess.engine (engine.py:976) DEBUG <UciProtocol (pid=30788)>: >> info string [Engine:setPosition] settings position to 'rnbqkbnr/pppppppp/8/8/8/8/PPPPPPPP/RNBQKBNR w KQkq - 0 1'
2025-08-15 16:51:51,627 chess.engine (engine.py:976) DEBUG <UciProtocol (pid=30788)>: >> info string [Engine::executeMove] execute move 'g2g4'
2025-08-15 16:51:51,627 chess.engine (engine.py:976) DEBUG <UciProtocol (pid=30788)>: >> info string [Engine::executeMove] execute move 'e7e5'
2025-08-15 16:51:51,627 chess.engine (engine.py:976) DEBUG <UciProtocol (pid=30788)>: >> info string [Engine::executeMove] execute move 'f1g2'
2025-08-15 16:51:51,627 chess.engine (engine.py:976) DEBUG <UciProtocol (pid=30788)>: >> info string [Engine::executeMove] execute move 'b8c6'
2025-08-15 16:51:51,627 chess.engine (engine.py:976) DEBUG <UciProtocol (pid=30788)>: >> info string [Engine::executeMove] execute move 'g1h3'
2025-08-15 16:51:51,627 chess.engine (engine.py:976) DEBUG <UciProtocol (pid=30788)>: >> info string [Engine::executeMove] execute move 'g8f6'
2025-08-15 16:51:51,627 chess.engine (engine.py:976) DEBUG <UciProtocol (pid=30788)>: >> info string [Engine::executeMove] execute move 'g2e4'
2025-08-15 16:51:51,627 chess.engine (engine.py:976) DEBUG <UciProtocol (pid=30788)>: >> info string [Engine::executeMove] execute move 'f6e4'
2025-08-15 16:51:51,627 chess.engine (engine.py:976) DEBUG <UciProtocol (pid=30788)>: >> info string [Engine::executeMove] execute move 'f2f3'
2025-08-15 16:51:51,627 chess.engine (engine.py:976) DEBUG <UciProtocol (pid=30788)>: >> info string [Engine::executeMove] execute move 'e4f6'
2025-08-15 16:51:51,627 chess.engine (engine.py:976) DEBUG <UciProtocol (pid=30788)>: >> info string [Engine::executeMove] execute move 'h1f1'
2025-08-15 16:51:51,627 chess.engine (engine.py:976) DEBUG <UciProtocol (pid=30788)>: >> info string [Engine::executeMove] execute move 'f8b4'
2025-08-15 16:51:51,627 chess.engine (engine.py:976) DEBUG <UciProtocol (pid=30788)>: >> info string [Engine::executeMove] execute move 'a2a4'
2025-08-15 16:51:51,627 chess.engine (engine.py:976) DEBUG <UciProtocol (pid=30788)>: >> info string [Engine::executeMove] execute move 'e8g8'
2025-08-15 16:51:51,627 chess.engine (engine.py:976) DEBUG <UciProtocol (pid=30788)>: >> info string [Engine::executeMove] execute move 'f3f4'
2025-08-15 16:51:51,627 chess.engine (engine.py:976) DEBUG <UciProtocol (pid=30788)>: >> info string [Engine::executeMove] execute move 'e5f4'
2025-08-15 16:51:51,627 chess.engine (engine.py:976) DEBUG <UciProtocol (pid=30788)>: >> info string [Engine::executeMove] execute move 'a1a3'
2025-08-15 16:51:51,627 chess.engine (engine.py:976) DEBUG <UciProtocol (pid=30788)>: >> info string [Engine::executeMove] execute move 'b4a3'
2025-08-15 16:51:51,627 chess.engine (engine.py:976) DEBUG <UciProtocol (pid=30788)>: >> info string [Engine::executeMove] execute move 'h3g1'
2025-08-15 16:51:51,627 chess.engine (engine.py:976) DEBUG <UciProtocol (pid=30788)>: >> info string [Engine::executeMove] execute move 'd7d5'
2025-08-15 16:51:51,628 chess.engine (engine.py:976) DEBUG <UciProtocol (pid=30788)>: >> info string [Engine::executeMove] execute move 'a4a5'
2025-08-15 16:51:51,628 chess.engine (engine.py:976) DEBUG <UciProtocol (pid=30788)>: >> info string [Engine::executeMove] execute move 'c6a5'
2025-08-15 16:51:51,628 chess.engine (engine.py:976) DEBUG <UciProtocol (pid=30788)>: >> info string [Engine::executeMove] execute move 'e2e4'
2025-08-15 16:51:51,628 chess.engine (engine.py:976) DEBUG <UciProtocol (pid=30788)>: >> info string [Engine::executeMove] execute move 'd5e4'
2025-08-15 16:51:51,628 chess.engine (engine.py:976) DEBUG <UciProtocol (pid=30788)>: >> info string [Engine::executeMove] execute move 'b1a3'
2025-08-15 16:51:51,628 chess.engine (engine.py:976) DEBUG <UciProtocol (pid=30788)>: >> info string [Engine::executeMove] execute move 'f4f3'
2025-08-15 16:51:51,628 chess.engine (engine.py:976) DEBUG <UciProtocol (pid=30788)>: >> info string [Engine::executeMove] execute move 'e1f2'
2025-08-15 16:51:51,628 chess.engine (engine.py:976) DEBUG <UciProtocol (pid=30788)>: >> info string [Engine::executeMove] execute move 'd8d6'
2025-08-15 16:51:51,628 chess.engine (engine.py:976) DEBUG <UciProtocol (pid=30788)>: >> info string [Engine::go] let's go!
2025-08-15 16:51:51,628 chess.engine (engine.py:976) DEBUG <UciProtocol (pid=30788)>: >> info string [Engine::go] found 21 moves
2025-08-15 16:51:51,628 chess.engine (engine.py:976) DEBUG <UciProtocol (pid=30788)>: >> bestmove c2c4
2025-08-15 16:51:51,628 lib.engine_wrapper (engine_wrapper.py:332) INFO Source: Engine
2025-08-15 16:51:51,710 urllib3.connectionpool (connectionpool.py:544) DEBUG https://lichess.org:443 "POST /api/bot/game/bu21vkfh/move/c2c4?offeringDraw=false HTTP/1.1" 200 11
2025-08-15 16:51:51,710 lib.lichess_bot (lichess_bot.py:826) DEBUG Game state: {'type': 'gameState', 'moves': 'g2g4 e7e5 f1g2 b8c6 g1h3 g8f6 g2e4 f6e4 f2f3 e4f6 h1f1 f8b4 a2a4 e8g8 f3f4 e5f4 a1a3 b4a3 h3g1 d7d5 a4a5 c6a5 e2e4 d5e4 b1a3 f4f3 e1f2 d8d6 c2c4', 'wtime': 340990, 'btime': 295960, 'winc': 3000, 'binc': 3000, 'status': 'started'}
2025-08-15 16:51:53,903 lib.lichess_bot (lichess_bot.py:826) DEBUG Game state: {'type': 'gameState', 'moves': 'g2g4 e7e5 f1g2 b8c6 g1h3 g8f6 g2e4 f6e4 f2f3 e4f6 h1f1 f8b4 a2a4 e8g8 f3f4 e5f4 a1a3 b4a3 h3g1 d7d5 a4a5 c6a5 e2e4 d5e4 b1a3 f4f3 e1f2 d8d6 c2c4 d6h2', 'wtime': 340990, 'btime': 296920, 'winc': 3000, 'binc': 3000, 'status': 'started'}
2025-08-15 16:51:53,903 lib.lichess_bot (lichess_bot.py:817) INFO 
2025-08-15 16:51:53,903 lib.lichess_bot (lichess_bot.py:818) INFO move: 16
2025-08-15 16:51:53,903 lib.engine_wrapper (engine_wrapper.py:722) INFO Searching for wtime 338990 btime 296920 for game bu21vkfh
2025-08-15 16:51:53,904 chess.engine (engine.py:950) DEBUG <UciProtocol (pid=30788)>: << position startpos moves g2g4 e7e5 f1g2 b8c6 g1h3 g8f6 g2e4 f6e4 f2f3 e4f6 h1f1 f8b4 a2a4 e8g8 f3f4 e5f4 a1a3 b4a3 h3g1 d7d5 a4a5 c6a5 e2e4 d5e4 b1a3 f4f3 e1f2 d8d6 c2c4 d6h2
2025-08-15 16:51:53,904 chess.engine (engine.py:950) DEBUG <UciProtocol (pid=30788)>: << go wtime 338990 btime 296920 winc 3000 binc 3000
2025-08-15 16:51:53,904 chess.engine (engine.py:976) DEBUG <UciProtocol (pid=30788)>: >> info string [Engine:setPosition] settings position to 'rnbqkbnr/pppppppp/8/8/8/8/PPPPPPPP/RNBQKBNR w KQkq - 0 1'
2025-08-15 16:51:53,904 chess.engine (engine.py:976) DEBUG <UciProtocol (pid=30788)>: >> info string [Engine::executeMove] execute move 'g2g4'
2025-08-15 16:51:53,904 chess.engine (engine.py:976) DEBUG <UciProtocol (pid=30788)>: >> info string [Engine::executeMove] execute move 'e7e5'
2025-08-15 16:51:53,904 chess.engine (engine.py:976) DEBUG <UciProtocol (pid=30788)>: >> info string [Engine::executeMove] execute move 'f1g2'
2025-08-15 16:51:53,904 chess.engine (engine.py:976) DEBUG <UciProtocol (pid=30788)>: >> info string [Engine::executeMove] execute move 'b8c6'
2025-08-15 16:51:53,904 chess.engine (engine.py:976) DEBUG <UciProtocol (pid=30788)>: >> info string [Engine::executeMove] execute move 'g1h3'
2025-08-15 16:51:53,904 chess.engine (engine.py:976) DEBUG <UciProtocol (pid=30788)>: >> info string [Engine::executeMove] execute move 'g8f6'
2025-08-15 16:51:53,904 chess.engine (engine.py:976) DEBUG <UciProtocol (pid=30788)>: >> info string [Engine::executeMove] execute move 'g2e4'
2025-08-15 16:51:53,904 chess.engine (engine.py:976) DEBUG <UciProtocol (pid=30788)>: >> info string [Engine::executeMove] execute move 'f6e4'
2025-08-15 16:51:53,904 chess.engine (engine.py:976) DEBUG <UciProtocol (pid=30788)>: >> info string [Engine::executeMove] execute move 'f2f3'
2025-08-15 16:51:53,905 chess.engine (engine.py:976) DEBUG <UciProtocol (pid=30788)>: >> info string [Engine::executeMove] execute move 'e4f6'
2025-08-15 16:51:53,905 chess.engine (engine.py:976) DEBUG <UciProtocol (pid=30788)>: >> info string [Engine::executeMove] execute move 'h1f1'
2025-08-15 16:51:53,905 chess.engine (engine.py:976) DEBUG <UciProtocol (pid=30788)>: >> info string [Engine::executeMove] execute move 'f8b4'
2025-08-15 16:51:53,905 chess.engine (engine.py:976) DEBUG <UciProtocol (pid=30788)>: >> info string [Engine::executeMove] execute move 'a2a4'
2025-08-15 16:51:53,905 chess.engine (engine.py:976) DEBUG <UciProtocol (pid=30788)>: >> info string [Engine::executeMove] execute move 'e8g8'
2025-08-15 16:51:53,905 chess.engine (engine.py:976) DEBUG <UciProtocol (pid=30788)>: >> info string [Engine::executeMove] execute move 'f3f4'
2025-08-15 16:51:53,905 chess.engine (engine.py:976) DEBUG <UciProtocol (pid=30788)>: >> info string [Engine::executeMove] execute move 'e5f4'
2025-08-15 16:51:53,905 chess.engine (engine.py:976) DEBUG <UciProtocol (pid=30788)>: >> info string [Engine::executeMove] execute move 'a1a3'
2025-08-15 16:51:53,905 chess.engine (engine.py:976) DEBUG <UciProtocol (pid=30788)>: >> info string [Engine::executeMove] execute move 'b4a3'
2025-08-15 16:51:53,905 chess.engine (engine.py:976) DEBUG <UciProtocol (pid=30788)>: >> info string [Engine::executeMove] execute move 'h3g1'
2025-08-15 16:51:53,905 chess.engine (engine.py:976) DEBUG <UciProtocol (pid=30788)>: >> info string [Engine::executeMove] execute move 'd7d5'
2025-08-15 16:51:53,905 chess.engine (engine.py:976) DEBUG <UciProtocol (pid=30788)>: >> info string [Engine::executeMove] execute move 'a4a5'
2025-08-15 16:51:53,905 chess.engine (engine.py:976) DEBUG <UciProtocol (pid=30788)>: >> info string [Engine::executeMove] execute move 'c6a5'
2025-08-15 16:51:53,905 chess.engine (engine.py:976) DEBUG <UciProtocol (pid=30788)>: >> info string [Engine::executeMove] execute move 'e2e4'
2025-08-15 16:51:53,905 chess.engine (engine.py:976) DEBUG <UciProtocol (pid=30788)>: >> info string [Engine::executeMove] execute move 'd5e4'
2025-08-15 16:51:53,905 chess.engine (engine.py:976) DEBUG <UciProtocol (pid=30788)>: >> info string [Engine::executeMove] execute move 'b1a3'
2025-08-15 16:51:53,905 chess.engine (engine.py:976) DEBUG <UciProtocol (pid=30788)>: >> info string [Engine::executeMove] execute move 'f4f3'
2025-08-15 16:51:53,905 chess.engine (engine.py:976) DEBUG <UciProtocol (pid=30788)>: >> info string [Engine::executeMove] execute move 'e1f2'
2025-08-15 16:51:53,905 chess.engine (engine.py:976) DEBUG <UciProtocol (pid=30788)>: >> info string [Engine::executeMove] execute move 'd8d6'
2025-08-15 16:51:53,905 chess.engine (engine.py:976) DEBUG <UciProtocol (pid=30788)>: >> info string [Engine::executeMove] execute move 'c2c4'
2025-08-15 16:51:53,905 chess.engine (engine.py:976) DEBUG <UciProtocol (pid=30788)>: >> info string [Engine::executeMove] execute move 'd6h2'
2025-08-15 16:51:53,905 chess.engine (engine.py:976) DEBUG <UciProtocol (pid=30788)>: >> info string [Engine::go] let's go!
2025-08-15 16:51:53,905 chess.engine (engine.py:976) DEBUG <UciProtocol (pid=30788)>: >> info string [Engine::go] found 2 moves
2025-08-15 16:51:53,906 chess.engine (engine.py:976) DEBUG <UciProtocol (pid=30788)>: >> bestmove f2e1
2025-08-15 16:51:53,906 lib.engine_wrapper (engine_wrapper.py:332) INFO Source: Engine
2025-08-15 16:51:53,963 urllib3.connectionpool (connectionpool.py:544) DEBUG https://lichess.org:443 "POST /api/bot/game/bu21vkfh/move/f2e1?offeringDraw=false HTTP/1.1" 200 11
2025-08-15 16:51:53,967 lib.lichess_bot (lichess_bot.py:826) DEBUG Game state: {'type': 'gameState', 'moves': 'g2g4 e7e5 f1g2 b8c6 g1h3 g8f6 g2e4 f6e4 f2f3 e4f6 h1f1 f8b4 a2a4 e8g8 f3f4 e5f4 a1a3 b4a3 h3g1 d7d5 a4a5 c6a5 e2e4 d5e4 b1a3 f4f3 e1f2 d8d6 c2c4 d6h2 f2e1', 'wtime': 343920, 'btime': 296920, 'winc': 3000, 'binc': 3000, 'status': 'started'}
2025-08-15 16:52:11,819 lib.lichess_bot (lichess_bot.py:826) DEBUG Game state: {'type': 'gameState', 'moves': 'g2g4 e7e5 f1g2 b8c6 g1h3 g8f6 g2e4 f6e4 f2f3 e4f6 h1f1 f8b4 a2a4 e8g8 f3f4 e5f4 a1a3 b4a3 h3g1 d7d5 a4a5 c6a5 e2e4 d5e4 b1a3 f4f3 e1f2 d8d6 c2c4 d6h2 f2e1 a5b3', 'wtime': 343920, 'btime': 282200, 'winc': 3000, 'binc': 3000, 'status': 'started'}
2025-08-15 16:52:11,819 lib.lichess_bot (lichess_bot.py:817) INFO 
2025-08-15 16:52:11,820 lib.lichess_bot (lichess_bot.py:818) INFO move: 17
2025-08-15 16:52:11,820 lib.engine_wrapper (engine_wrapper.py:722) INFO Searching for wtime 341920 btime 282200 for game bu21vkfh
2025-08-15 16:52:11,820 chess.engine (engine.py:950) DEBUG <UciProtocol (pid=30788)>: << position startpos moves g2g4 e7e5 f1g2 b8c6 g1h3 g8f6 g2e4 f6e4 f2f3 e4f6 h1f1 f8b4 a2a4 e8g8 f3f4 e5f4 a1a3 b4a3 h3g1 d7d5 a4a5 c6a5 e2e4 d5e4 b1a3 f4f3 e1f2 d8d6 c2c4 d6h2 f2e1 a5b3
2025-08-15 16:52:11,820 chess.engine (engine.py:950) DEBUG <UciProtocol (pid=30788)>: << go wtime 341920 btime 282200 winc 3000 binc 3000
2025-08-15 16:52:11,820 chess.engine (engine.py:976) DEBUG <UciProtocol (pid=30788)>: >> info string [Engine:setPosition] settings position to 'rnbqkbnr/pppppppp/8/8/8/8/PPPPPPPP/RNBQKBNR w KQkq - 0 1'
2025-08-15 16:52:11,820 chess.engine (engine.py:976) DEBUG <UciProtocol (pid=30788)>: >> info string [Engine::executeMove] execute move 'g2g4'
2025-08-15 16:52:11,820 chess.engine (engine.py:976) DEBUG <UciProtocol (pid=30788)>: >> info string [Engine::executeMove] execute move 'e7e5'
2025-08-15 16:52:11,820 chess.engine (engine.py:976) DEBUG <UciProtocol (pid=30788)>: >> info string [Engine::executeMove] execute move 'f1g2'
2025-08-15 16:52:11,820 chess.engine (engine.py:976) DEBUG <UciProtocol (pid=30788)>: >> info string [Engine::executeMove] execute move 'b8c6'
2025-08-15 16:52:11,821 chess.engine (engine.py:976) DEBUG <UciProtocol (pid=30788)>: >> info string [Engine::executeMove] execute move 'g1h3'
2025-08-15 16:52:11,821 chess.engine (engine.py:976) DEBUG <UciProtocol (pid=30788)>: >> info string [Engine::executeMove] execute move 'g8f6'
2025-08-15 16:52:11,821 chess.engine (engine.py:976) DEBUG <UciProtocol (pid=30788)>: >> info string [Engine::executeMove] execute move 'g2e4'
2025-08-15 16:52:11,821 chess.engine (engine.py:976) DEBUG <UciProtocol (pid=30788)>: >> info string [Engine::executeMove] execute move 'f6e4'
2025-08-15 16:52:11,821 chess.engine (engine.py:976) DEBUG <UciProtocol (pid=30788)>: >> info string [Engine::executeMove] execute move 'f2f3'
2025-08-15 16:52:11,821 chess.engine (engine.py:976) DEBUG <UciProtocol (pid=30788)>: >> info string [Engine::executeMove] execute move 'e4f6'
2025-08-15 16:52:11,821 chess.engine (engine.py:976) DEBUG <UciProtocol (pid=30788)>: >> info string [Engine::executeMove] execute move 'h1f1'
2025-08-15 16:52:11,821 chess.engine (engine.py:976) DEBUG <UciProtocol (pid=30788)>: >> info string [Engine::executeMove] execute move 'f8b4'
2025-08-15 16:52:11,821 chess.engine (engine.py:976) DEBUG <UciProtocol (pid=30788)>: >> info string [Engine::executeMove] execute move 'a2a4'
2025-08-15 16:52:11,821 chess.engine (engine.py:976) DEBUG <UciProtocol (pid=30788)>: >> info string [Engine::executeMove] execute move 'e8g8'
2025-08-15 16:52:11,821 chess.engine (engine.py:976) DEBUG <UciProtocol (pid=30788)>: >> info string [Engine::executeMove] execute move 'f3f4'
2025-08-15 16:52:11,821 chess.engine (engine.py:976) DEBUG <UciProtocol (pid=30788)>: >> info string [Engine::executeMove] execute move 'e5f4'
2025-08-15 16:52:11,821 chess.engine (engine.py:976) DEBUG <UciProtocol (pid=30788)>: >> info string [Engine::executeMove] execute move 'a1a3'
2025-08-15 16:52:11,821 chess.engine (engine.py:976) DEBUG <UciProtocol (pid=30788)>: >> info string [Engine::executeMove] execute move 'b4a3'
2025-08-15 16:52:11,821 chess.engine (engine.py:976) DEBUG <UciProtocol (pid=30788)>: >> info string [Engine::executeMove] execute move 'h3g1'
2025-08-15 16:52:11,821 chess.engine (engine.py:976) DEBUG <UciProtocol (pid=30788)>: >> info string [Engine::executeMove] execute move 'd7d5'
2025-08-15 16:52:11,821 chess.engine (engine.py:976) DEBUG <UciProtocol (pid=30788)>: >> info string [Engine::executeMove] execute move 'a4a5'
2025-08-15 16:52:11,821 chess.engine (engine.py:976) DEBUG <UciProtocol (pid=30788)>: >> info string [Engine::executeMove] execute move 'c6a5'
2025-08-15 16:52:11,821 chess.engine (engine.py:976) DEBUG <UciProtocol (pid=30788)>: >> info string [Engine::executeMove] execute move 'e2e4'
2025-08-15 16:52:11,821 chess.engine (engine.py:976) DEBUG <UciProtocol (pid=30788)>: >> info string [Engine::executeMove] execute move 'd5e4'
2025-08-15 16:52:11,821 chess.engine (engine.py:976) DEBUG <UciProtocol (pid=30788)>: >> info string [Engine::executeMove] execute move 'b1a3'
2025-08-15 16:52:11,822 chess.engine (engine.py:976) DEBUG <UciProtocol (pid=30788)>: >> info string [Engine::executeMove] execute move 'f4f3'
2025-08-15 16:52:11,822 chess.engine (engine.py:976) DEBUG <UciProtocol (pid=30788)>: >> info string [Engine::executeMove] execute move 'e1f2'
2025-08-15 16:52:11,822 chess.engine (engine.py:976) DEBUG <UciProtocol (pid=30788)>: >> info string [Engine::executeMove] execute move 'd8d6'
2025-08-15 16:52:11,822 chess.engine (engine.py:976) DEBUG <UciProtocol (pid=30788)>: >> info string [Engine::executeMove] execute move 'c2c4'
2025-08-15 16:52:11,822 chess.engine (engine.py:976) DEBUG <UciProtocol (pid=30788)>: >> info string [Engine::executeMove] execute move 'd6h2'
2025-08-15 16:52:11,822 chess.engine (engine.py:976) DEBUG <UciProtocol (pid=30788)>: >> info string [Engine::executeMove] execute move 'f2e1'
2025-08-15 16:52:11,822 chess.engine (engine.py:976) DEBUG <UciProtocol (pid=30788)>: >> info string [Engine::executeMove] execute move 'a5b3'
2025-08-15 16:52:11,822 chess.engine (engine.py:976) DEBUG <UciProtocol (pid=30788)>: >> info string [Engine::go] let's go!
2025-08-15 16:52:11,822 chess.engine (engine.py:976) DEBUG <UciProtocol (pid=30788)>: >> info string [Engine::go] found 16 moves
2025-08-15 16:52:11,822 chess.engine (engine.py:976) DEBUG <UciProtocol (pid=30788)>: >> bestmove d2d3
2025-08-15 16:52:11,822 lib.engine_wrapper (engine_wrapper.py:332) INFO Source: Engine
2025-08-15 16:52:11,823 urllib3.connectionpool (connectionpool.py:289) DEBUG Resetting dropped connection: lichess.org
2025-08-15 16:52:12,005 urllib3.connectionpool (connectionpool.py:544) DEBUG https://lichess.org:443 "POST /api/bot/game/bu21vkfh/move/d2d3?offeringDraw=false HTTP/1.1" 200 11
2025-08-15 16:52:12,005 lib.lichess_bot (lichess_bot.py:826) DEBUG Game state: {'type': 'gameState', 'moves': 'g2g4 e7e5 f1g2 b8c6 g1h3 g8f6 g2e4 f6e4 f2f3 e4f6 h1f1 f8b4 a2a4 e8g8 f3f4 e5f4 a1a3 b4a3 h3g1 d7d5 a4a5 c6a5 e2e4 d5e4 b1a3 f4f3 e1f2 d8d6 c2c4 d6h2 f2e1 a5b3 d2d3', 'wtime': 346730, 'btime': 282200, 'winc': 3000, 'binc': 3000, 'status': 'started'}
2025-08-15 16:52:16,743 lib.lichess_bot (lichess_bot.py:826) DEBUG Game state: {'type': 'gameState', 'moves': 'g2g4 e7e5 f1g2 b8c6 g1h3 g8f6 g2e4 f6e4 f2f3 e4f6 h1f1 f8b4 a2a4 e8g8 f3f4 e5f4 a1a3 b4a3 h3g1 d7d5 a4a5 c6a5 e2e4 d5e4 b1a3 f4f3 e1f2 d8d6 c2c4 d6h2 f2e1 a5b3 d2d3 b7b5', 'wtime': 346730, 'btime': 280660, 'winc': 3000, 'binc': 3000, 'status': 'started'}
2025-08-15 16:52:16,744 lib.lichess_bot (lichess_bot.py:817) INFO 
2025-08-15 16:52:16,744 lib.lichess_bot (lichess_bot.py:818) INFO move: 18
2025-08-15 16:52:16,744 lib.engine_wrapper (engine_wrapper.py:722) INFO Searching for wtime 344730 btime 280660 for game bu21vkfh
2025-08-15 16:52:16,745 chess.engine (engine.py:950) DEBUG <UciProtocol (pid=30788)>: << position startpos moves g2g4 e7e5 f1g2 b8c6 g1h3 g8f6 g2e4 f6e4 f2f3 e4f6 h1f1 f8b4 a2a4 e8g8 f3f4 e5f4 a1a3 b4a3 h3g1 d7d5 a4a5 c6a5 e2e4 d5e4 b1a3 f4f3 e1f2 d8d6 c2c4 d6h2 f2e1 a5b3 d2d3 b7b5
2025-08-15 16:52:16,745 chess.engine (engine.py:950) DEBUG <UciProtocol (pid=30788)>: << go wtime 344730 btime 280660 winc 3000 binc 3000
2025-08-15 16:52:16,745 chess.engine (engine.py:976) DEBUG <UciProtocol (pid=30788)>: >> info string [Engine:setPosition] settings position to 'rnbqkbnr/pppppppp/8/8/8/8/PPPPPPPP/RNBQKBNR w KQkq - 0 1'
2025-08-15 16:52:16,745 chess.engine (engine.py:976) DEBUG <UciProtocol (pid=30788)>: >> info string [Engine::executeMove] execute move 'g2g4'
2025-08-15 16:52:16,745 chess.engine (engine.py:976) DEBUG <UciProtocol (pid=30788)>: >> info string [Engine::executeMove] execute move 'e7e5'
2025-08-15 16:52:16,745 chess.engine (engine.py:976) DEBUG <UciProtocol (pid=30788)>: >> info string [Engine::executeMove] execute move 'f1g2'
2025-08-15 16:52:16,745 chess.engine (engine.py:976) DEBUG <UciProtocol (pid=30788)>: >> info string [Engine::executeMove] execute move 'b8c6'
2025-08-15 16:52:16,745 chess.engine (engine.py:976) DEBUG <UciProtocol (pid=30788)>: >> info string [Engine::executeMove] execute move 'g1h3'
2025-08-15 16:52:16,745 chess.engine (engine.py:976) DEBUG <UciProtocol (pid=30788)>: >> info string [Engine::executeMove] execute move 'g8f6'
2025-08-15 16:52:16,745 chess.engine (engine.py:976) DEBUG <UciProtocol (pid=30788)>: >> info string [Engine::executeMove] execute move 'g2e4'
2025-08-15 16:52:16,745 chess.engine (engine.py:976) DEBUG <UciProtocol (pid=30788)>: >> info string [Engine::executeMove] execute move 'f6e4'
2025-08-15 16:52:16,745 chess.engine (engine.py:976) DEBUG <UciProtocol (pid=30788)>: >> info string [Engine::executeMove] execute move 'f2f3'
2025-08-15 16:52:16,745 chess.engine (engine.py:976) DEBUG <UciProtocol (pid=30788)>: >> info string [Engine::executeMove] execute move 'e4f6'
2025-08-15 16:52:16,745 chess.engine (engine.py:976) DEBUG <UciProtocol (pid=30788)>: >> info string [Engine::executeMove] execute move 'h1f1'
2025-08-15 16:52:16,745 chess.engine (engine.py:976) DEBUG <UciProtocol (pid=30788)>: >> info string [Engine::executeMove] execute move 'f8b4'
2025-08-15 16:52:16,745 chess.engine (engine.py:976) DEBUG <UciProtocol (pid=30788)>: >> info string [Engine::executeMove] execute move 'a2a4'
2025-08-15 16:52:16,745 chess.engine (engine.py:976) DEBUG <UciProtocol (pid=30788)>: >> info string [Engine::executeMove] execute move 'e8g8'
2025-08-15 16:52:16,746 chess.engine (engine.py:976) DEBUG <UciProtocol (pid=30788)>: >> info string [Engine::executeMove] execute move 'f3f4'
2025-08-15 16:52:16,746 chess.engine (engine.py:976) DEBUG <UciProtocol (pid=30788)>: >> info string [Engine::executeMove] execute move 'e5f4'
2025-08-15 16:52:16,746 chess.engine (engine.py:976) DEBUG <UciProtocol (pid=30788)>: >> info string [Engine::executeMove] execute move 'a1a3'
2025-08-15 16:52:16,746 chess.engine (engine.py:976) DEBUG <UciProtocol (pid=30788)>: >> info string [Engine::executeMove] execute move 'b4a3'
2025-08-15 16:52:16,746 chess.engine (engine.py:976) DEBUG <UciProtocol (pid=30788)>: >> info string [Engine::executeMove] execute move 'h3g1'
2025-08-15 16:52:16,746 chess.engine (engine.py:976) DEBUG <UciProtocol (pid=30788)>: >> info string [Engine::executeMove] execute move 'd7d5'
2025-08-15 16:52:16,746 chess.engine (engine.py:976) DEBUG <UciProtocol (pid=30788)>: >> info string [Engine::executeMove] execute move 'a4a5'
2025-08-15 16:52:16,746 chess.engine (engine.py:976) DEBUG <UciProtocol (pid=30788)>: >> info string [Engine::executeMove] execute move 'c6a5'
2025-08-15 16:52:16,746 chess.engine (engine.py:976) DEBUG <UciProtocol (pid=30788)>: >> info string [Engine::executeMove] execute move 'e2e4'
2025-08-15 16:52:16,746 chess.engine (engine.py:976) DEBUG <UciProtocol (pid=30788)>: >> info string [Engine::executeMove] execute move 'd5e4'
2025-08-15 16:52:16,746 chess.engine (engine.py:976) DEBUG <UciProtocol (pid=30788)>: >> info string [Engine::executeMove] execute move 'b1a3'
2025-08-15 16:52:16,747 chess.engine (engine.py:976) DEBUG <UciProtocol (pid=30788)>: >> info string [Engine::executeMove] execute move 'f4f3'
2025-08-15 16:52:16,747 chess.engine (engine.py:976) DEBUG <UciProtocol (pid=30788)>: >> info string [Engine::executeMove] execute move 'e1f2'
2025-08-15 16:52:16,747 chess.engine (engine.py:976) DEBUG <UciProtocol (pid=30788)>: >> info string [Engine::executeMove] execute move 'd8d6'
2025-08-15 16:52:16,747 chess.engine (engine.py:976) DEBUG <UciProtocol (pid=30788)>: >> info string [Engine::executeMove] execute move 'c2c4'
2025-08-15 16:52:16,747 chess.engine (engine.py:976) DEBUG <UciProtocol (pid=30788)>: >> info string [Engine::executeMove] execute move 'd6h2'
2025-08-15 16:52:16,747 chess.engine (engine.py:976) DEBUG <UciProtocol (pid=30788)>: >> info string [Engine::executeMove] execute move 'f2e1'
2025-08-15 16:52:16,747 chess.engine (engine.py:976) DEBUG <UciProtocol (pid=30788)>: >> info string [Engine::executeMove] execute move 'a5b3'
2025-08-15 16:52:16,747 chess.engine (engine.py:976) DEBUG <UciProtocol (pid=30788)>: >> info string [Engine::executeMove] execute move 'd2d3'
2025-08-15 16:52:16,747 chess.engine (engine.py:976) DEBUG <UciProtocol (pid=30788)>: >> info string [Engine::executeMove] execute move 'b7b5'
2025-08-15 16:52:16,747 chess.engine (engine.py:976) DEBUG <UciProtocol (pid=30788)>: >> info string [Engine::go] let's go!
2025-08-15 16:52:16,747 chess.engine (engine.py:976) DEBUG <UciProtocol (pid=30788)>: >> info string [Engine::go] found 23 moves
2025-08-15 16:52:16,747 chess.engine (engine.py:976) DEBUG <UciProtocol (pid=30788)>: >> bestmove f1f3
2025-08-15 16:52:16,747 lib.engine_wrapper (engine_wrapper.py:332) INFO Source: Engine
2025-08-15 16:52:16,931 urllib3.connectionpool (connectionpool.py:544) DEBUG https://lichess.org:443 "POST /api/bot/game/bu21vkfh/move/f1f3?offeringDraw=false HTTP/1.1" 200 11
2025-08-15 16:52:16,933 lib.lichess_bot (lichess_bot.py:826) DEBUG Game state: {'type': 'gameState', 'moves': 'g2g4 e7e5 f1g2 b8c6 g1h3 g8f6 g2e4 f6e4 f2f3 e4f6 h1f1 f8b4 a2a4 e8g8 f3f4 e5f4 a1a3 b4a3 h3g1 d7d5 a4a5 c6a5 e2e4 d5e4 b1a3 f4f3 e1f2 d8d6 c2c4 d6h2 f2e1 a5b3 d2d3 b7b5 f1f3', 'wtime': 349500, 'btime': 280660, 'winc': 3000, 'binc': 3000, 'status': 'started'}
2025-08-15 16:52:25,224 lib.lichess_bot (lichess_bot.py:826) DEBUG Game state: {'type': 'gameState', 'moves': 'g2g4 e7e5 f1g2 b8c6 g1h3 g8f6 g2e4 f6e4 f2f3 e4f6 h1f1 f8b4 a2a4 e8g8 f3f4 e5f4 a1a3 b4a3 h3g1 d7d5 a4a5 c6a5 e2e4 d5e4 b1a3 f4f3 e1f2 d8d6 c2c4 d6h2 f2e1 a5b3 d2d3 b7b5 f1f3 c8g4', 'wtime': 349500, 'btime': 275430, 'winc': 3000, 'binc': 3000, 'status': 'started'}
2025-08-15 16:52:25,225 lib.lichess_bot (lichess_bot.py:817) INFO 
2025-08-15 16:52:25,225 lib.lichess_bot (lichess_bot.py:818) INFO move: 19
2025-08-15 16:52:25,225 lib.engine_wrapper (engine_wrapper.py:722) INFO Searching for wtime 347500 btime 275430 for game bu21vkfh
2025-08-15 16:52:25,225 chess.engine (engine.py:950) DEBUG <UciProtocol (pid=30788)>: << position startpos moves g2g4 e7e5 f1g2 b8c6 g1h3 g8f6 g2e4 f6e4 f2f3 e4f6 h1f1 f8b4 a2a4 e8g8 f3f4 e5f4 a1a3 b4a3 h3g1 d7d5 a4a5 c6a5 e2e4 d5e4 b1a3 f4f3 e1f2 d8d6 c2c4 d6h2 f2e1 a5b3 d2d3 b7b5 f1f3 c8g4
2025-08-15 16:52:25,225 chess.engine (engine.py:950) DEBUG <UciProtocol (pid=30788)>: << go wtime 347500 btime 275430 winc 3000 binc 3000
2025-08-15 16:52:25,225 chess.engine (engine.py:976) DEBUG <UciProtocol (pid=30788)>: >> info string [Engine:setPosition] settings position to 'rnbqkbnr/pppppppp/8/8/8/8/PPPPPPPP/RNBQKBNR w KQkq - 0 1'
2025-08-15 16:52:25,225 chess.engine (engine.py:976) DEBUG <UciProtocol (pid=30788)>: >> info string [Engine::executeMove] execute move 'g2g4'
2025-08-15 16:52:25,226 chess.engine (engine.py:976) DEBUG <UciProtocol (pid=30788)>: >> info string [Engine::executeMove] execute move 'e7e5'
2025-08-15 16:52:25,226 chess.engine (engine.py:976) DEBUG <UciProtocol (pid=30788)>: >> info string [Engine::executeMove] execute move 'f1g2'
2025-08-15 16:52:25,226 chess.engine (engine.py:976) DEBUG <UciProtocol (pid=30788)>: >> info string [Engine::executeMove] execute move 'b8c6'
2025-08-15 16:52:25,226 chess.engine (engine.py:976) DEBUG <UciProtocol (pid=30788)>: >> info string [Engine::executeMove] execute move 'g1h3'
2025-08-15 16:52:25,226 chess.engine (engine.py:976) DEBUG <UciProtocol (pid=30788)>: >> info string [Engine::executeMove] execute move 'g8f6'
2025-08-15 16:52:25,226 chess.engine (engine.py:976) DEBUG <UciProtocol (pid=30788)>: >> info string [Engine::executeMove] execute move 'g2e4'
2025-08-15 16:52:25,226 chess.engine (engine.py:976) DEBUG <UciProtocol (pid=30788)>: >> info string [Engine::executeMove] execute move 'f6e4'
2025-08-15 16:52:25,226 chess.engine (engine.py:976) DEBUG <UciProtocol (pid=30788)>: >> info string [Engine::executeMove] execute move 'f2f3'
2025-08-15 16:52:25,226 chess.engine (engine.py:976) DEBUG <UciProtocol (pid=30788)>: >> info string [Engine::executeMove] execute move 'e4f6'
2025-08-15 16:52:25,226 chess.engine (engine.py:976) DEBUG <UciProtocol (pid=30788)>: >> info string [Engine::executeMove] execute move 'h1f1'
2025-08-15 16:52:25,226 chess.engine (engine.py:976) DEBUG <UciProtocol (pid=30788)>: >> info string [Engine::executeMove] execute move 'f8b4'
2025-08-15 16:52:25,226 chess.engine (engine.py:976) DEBUG <UciProtocol (pid=30788)>: >> info string [Engine::executeMove] execute move 'a2a4'
2025-08-15 16:52:25,226 chess.engine (engine.py:976) DEBUG <UciProtocol (pid=30788)>: >> info string [Engine::executeMove] execute move 'e8g8'
2025-08-15 16:52:25,226 chess.engine (engine.py:976) DEBUG <UciProtocol (pid=30788)>: >> info string [Engine::executeMove] execute move 'f3f4'
2025-08-15 16:52:25,226 chess.engine (engine.py:976) DEBUG <UciProtocol (pid=30788)>: >> info string [Engine::executeMove] execute move 'e5f4'
2025-08-15 16:52:25,226 chess.engine (engine.py:976) DEBUG <UciProtocol (pid=30788)>: >> info string [Engine::executeMove] execute move 'a1a3'
2025-08-15 16:52:25,226 chess.engine (engine.py:976) DEBUG <UciProtocol (pid=30788)>: >> info string [Engine::executeMove] execute move 'b4a3'
2025-08-15 16:52:25,227 chess.engine (engine.py:976) DEBUG <UciProtocol (pid=30788)>: >> info string [Engine::executeMove] execute move 'h3g1'
2025-08-15 16:52:25,227 chess.engine (engine.py:976) DEBUG <UciProtocol (pid=30788)>: >> info string [Engine::executeMove] execute move 'd7d5'
2025-08-15 16:52:25,227 chess.engine (engine.py:976) DEBUG <UciProtocol (pid=30788)>: >> info string [Engine::executeMove] execute move 'a4a5'
2025-08-15 16:52:25,227 chess.engine (engine.py:976) DEBUG <UciProtocol (pid=30788)>: >> info string [Engine::executeMove] execute move 'c6a5'
2025-08-15 16:52:25,227 chess.engine (engine.py:976) DEBUG <UciProtocol (pid=30788)>: >> info string [Engine::executeMove] execute move 'e2e4'
2025-08-15 16:52:25,227 chess.engine (engine.py:976) DEBUG <UciProtocol (pid=30788)>: >> info string [Engine::executeMove] execute move 'd5e4'
2025-08-15 16:52:25,227 chess.engine (engine.py:976) DEBUG <UciProtocol (pid=30788)>: >> info string [Engine::executeMove] execute move 'b1a3'
2025-08-15 16:52:25,227 chess.engine (engine.py:976) DEBUG <UciProtocol (pid=30788)>: >> info string [Engine::executeMove] execute move 'f4f3'
2025-08-15 16:52:25,227 chess.engine (engine.py:976) DEBUG <UciProtocol (pid=30788)>: >> info string [Engine::executeMove] execute move 'e1f2'
2025-08-15 16:52:25,227 chess.engine (engine.py:976) DEBUG <UciProtocol (pid=30788)>: >> info string [Engine::executeMove] execute move 'd8d6'
2025-08-15 16:52:25,227 chess.engine (engine.py:976) DEBUG <UciProtocol (pid=30788)>: >> info string [Engine::executeMove] execute move 'c2c4'
2025-08-15 16:52:25,227 chess.engine (engine.py:976) DEBUG <UciProtocol (pid=30788)>: >> info string [Engine::executeMove] execute move 'd6h2'
2025-08-15 16:52:25,227 chess.engine (engine.py:976) DEBUG <UciProtocol (pid=30788)>: >> info string [Engine::executeMove] execute move 'f2e1'
2025-08-15 16:52:25,227 chess.engine (engine.py:976) DEBUG <UciProtocol (pid=30788)>: >> info string [Engine::executeMove] execute move 'a5b3'
2025-08-15 16:52:25,227 chess.engine (engine.py:976) DEBUG <UciProtocol (pid=30788)>: >> info string [Engine::executeMove] execute move 'd2d3'
2025-08-15 16:52:25,227 chess.engine (engine.py:976) DEBUG <UciProtocol (pid=30788)>: >> info string [Engine::executeMove] execute move 'b7b5'
2025-08-15 16:52:25,227 chess.engine (engine.py:976) DEBUG <UciProtocol (pid=30788)>: >> info string [Engine::executeMove] execute move 'f1f3'
2025-08-15 16:52:25,227 chess.engine (engine.py:976) DEBUG <UciProtocol (pid=30788)>: >> info string [Engine::executeMove] execute move 'c8g4'
2025-08-15 16:52:25,227 chess.engine (engine.py:976) DEBUG <UciProtocol (pid=30788)>: >> info string [Engine::go] let's go!
2025-08-15 16:52:25,227 chess.engine (engine.py:976) DEBUG <UciProtocol (pid=30788)>: >> info string [Engine::go] found 27 moves
2025-08-15 16:52:25,228 chess.engine (engine.py:976) DEBUG <UciProtocol (pid=30788)>: >> bestmove c1h6
2025-08-15 16:52:25,228 lib.engine_wrapper (engine_wrapper.py:332) INFO Source: Engine
2025-08-15 16:52:25,285 urllib3.connectionpool (connectionpool.py:544) DEBUG https://lichess.org:443 "POST /api/bot/game/bu21vkfh/move/c1h6?offeringDraw=false HTTP/1.1" 200 11
2025-08-15 16:52:25,286 lib.lichess_bot (lichess_bot.py:826) DEBUG Game state: {'type': 'gameState', 'moves': 'g2g4 e7e5 f1g2 b8c6 g1h3 g8f6 g2e4 f6e4 f2f3 e4f6 h1f1 f8b4 a2a4 e8g8 f3f4 e5f4 a1a3 b4a3 h3g1 d7d5 a4a5 c6a5 e2e4 d5e4 b1a3 f4f3 e1f2 d8d6 c2c4 d6h2 f2e1 a5b3 d2d3 b7b5 f1f3 c8g4 c1h6', 'wtime': 352440, 'btime': 275430, 'winc': 3000, 'binc': 3000, 'status': 'started'}
2025-08-15 16:52:28,301 lib.lichess_bot (lichess_bot.py:826) DEBUG Game state: {'type': 'gameState', 'moves': 'g2g4 e7e5 f1g2 b8c6 g1h3 g8f6 g2e4 f6e4 f2f3 e4f6 h1f1 f8b4 a2a4 e8g8 f3f4 e5f4 a1a3 b4a3 h3g1 d7d5 a4a5 c6a5 e2e4 d5e4 b1a3 f4f3 e1f2 d8d6 c2c4 d6h2 f2e1 a5b3 d2d3 b7b5 f1f3 c8g4 c1h6 g4h3', 'wtime': 352440, 'btime': 275510, 'winc': 3000, 'binc': 3000, 'status': 'started'}
2025-08-15 16:52:28,302 lib.lichess_bot (lichess_bot.py:817) INFO 
2025-08-15 16:52:28,302 lib.lichess_bot (lichess_bot.py:818) INFO move: 20
2025-08-15 16:52:28,302 lib.engine_wrapper (engine_wrapper.py:722) INFO Searching for wtime 350440 btime 275510 for game bu21vkfh
2025-08-15 16:52:28,303 chess.engine (engine.py:950) DEBUG <UciProtocol (pid=30788)>: << position startpos moves g2g4 e7e5 f1g2 b8c6 g1h3 g8f6 g2e4 f6e4 f2f3 e4f6 h1f1 f8b4 a2a4 e8g8 f3f4 e5f4 a1a3 b4a3 h3g1 d7d5 a4a5 c6a5 e2e4 d5e4 b1a3 f4f3 e1f2 d8d6 c2c4 d6h2 f2e1 a5b3 d2d3 b7b5 f1f3 c8g4 c1h6 g4h3
2025-08-15 16:52:28,303 chess.engine (engine.py:950) DEBUG <UciProtocol (pid=30788)>: << go wtime 350440 btime 275510 winc 3000 binc 3000
2025-08-15 16:52:28,303 chess.engine (engine.py:976) DEBUG <UciProtocol (pid=30788)>: >> info string [Engine:setPosition] settings position to 'rnbqkbnr/pppppppp/8/8/8/8/PPPPPPPP/RNBQKBNR w KQkq - 0 1'
2025-08-15 16:52:28,303 chess.engine (engine.py:976) DEBUG <UciProtocol (pid=30788)>: >> info string [Engine::executeMove] execute move 'g2g4'
2025-08-15 16:52:28,303 chess.engine (engine.py:976) DEBUG <UciProtocol (pid=30788)>: >> info string [Engine::executeMove] execute move 'e7e5'
2025-08-15 16:52:28,303 chess.engine (engine.py:976) DEBUG <UciProtocol (pid=30788)>: >> info string [Engine::executeMove] execute move 'f1g2'
2025-08-15 16:52:28,303 chess.engine (engine.py:976) DEBUG <UciProtocol (pid=30788)>: >> info string [Engine::executeMove] execute move 'b8c6'
2025-08-15 16:52:28,303 chess.engine (engine.py:976) DEBUG <UciProtocol (pid=30788)>: >> info string [Engine::executeMove] execute move 'g1h3'
2025-08-15 16:52:28,304 chess.engine (engine.py:976) DEBUG <UciProtocol (pid=30788)>: >> info string [Engine::executeMove] execute move 'g8f6'
2025-08-15 16:52:28,304 chess.engine (engine.py:976) DEBUG <UciProtocol (pid=30788)>: >> info string [Engine::executeMove] execute move 'g2e4'
2025-08-15 16:52:28,304 chess.engine (engine.py:976) DEBUG <UciProtocol (pid=30788)>: >> info string [Engine::executeMove] execute move 'f6e4'
2025-08-15 16:52:28,304 chess.engine (engine.py:976) DEBUG <UciProtocol (pid=30788)>: >> info string [Engine::executeMove] execute move 'f2f3'
2025-08-15 16:52:28,304 chess.engine (engine.py:976) DEBUG <UciProtocol (pid=30788)>: >> info string [Engine::executeMove] execute move 'e4f6'
2025-08-15 16:52:28,304 chess.engine (engine.py:976) DEBUG <UciProtocol (pid=30788)>: >> info string [Engine::executeMove] execute move 'h1f1'
2025-08-15 16:52:28,304 chess.engine (engine.py:976) DEBUG <UciProtocol (pid=30788)>: >> info string [Engine::executeMove] execute move 'f8b4'
2025-08-15 16:52:28,304 chess.engine (engine.py:976) DEBUG <UciProtocol (pid=30788)>: >> info string [Engine::executeMove] execute move 'a2a4'
2025-08-15 16:52:28,304 chess.engine (engine.py:976) DEBUG <UciProtocol (pid=30788)>: >> info string [Engine::executeMove] execute move 'e8g8'
2025-08-15 16:52:28,304 chess.engine (engine.py:976) DEBUG <UciProtocol (pid=30788)>: >> info string [Engine::executeMove] execute move 'f3f4'
2025-08-15 16:52:28,304 chess.engine (engine.py:976) DEBUG <UciProtocol (pid=30788)>: >> info string [Engine::executeMove] execute move 'e5f4'
2025-08-15 16:52:28,304 chess.engine (engine.py:976) DEBUG <UciProtocol (pid=30788)>: >> info string [Engine::executeMove] execute move 'a1a3'
2025-08-15 16:52:28,304 chess.engine (engine.py:976) DEBUG <UciProtocol (pid=30788)>: >> info string [Engine::executeMove] execute move 'b4a3'
2025-08-15 16:52:28,304 chess.engine (engine.py:976) DEBUG <UciProtocol (pid=30788)>: >> info string [Engine::executeMove] execute move 'h3g1'
2025-08-15 16:52:28,304 chess.engine (engine.py:976) DEBUG <UciProtocol (pid=30788)>: >> info string [Engine::executeMove] execute move 'd7d5'
2025-08-15 16:52:28,304 chess.engine (engine.py:976) DEBUG <UciProtocol (pid=30788)>: >> info string [Engine::executeMove] execute move 'a4a5'
2025-08-15 16:52:28,304 chess.engine (engine.py:976) DEBUG <UciProtocol (pid=30788)>: >> info string [Engine::executeMove] execute move 'c6a5'
2025-08-15 16:52:28,304 chess.engine (engine.py:976) DEBUG <UciProtocol (pid=30788)>: >> info string [Engine::executeMove] execute move 'e2e4'
2025-08-15 16:52:28,304 chess.engine (engine.py:976) DEBUG <UciProtocol (pid=30788)>: >> info string [Engine::executeMove] execute move 'd5e4'
2025-08-15 16:52:28,304 chess.engine (engine.py:976) DEBUG <UciProtocol (pid=30788)>: >> info string [Engine::executeMove] execute move 'b1a3'
2025-08-15 16:52:28,305 chess.engine (engine.py:976) DEBUG <UciProtocol (pid=30788)>: >> info string [Engine::executeMove] execute move 'f4f3'
2025-08-15 16:52:28,305 chess.engine (engine.py:976) DEBUG <UciProtocol (pid=30788)>: >> info string [Engine::executeMove] execute move 'e1f2'
2025-08-15 16:52:28,305 chess.engine (engine.py:976) DEBUG <UciProtocol (pid=30788)>: >> info string [Engine::executeMove] execute move 'd8d6'
2025-08-15 16:52:28,305 chess.engine (engine.py:976) DEBUG <UciProtocol (pid=30788)>: >> info string [Engine::executeMove] execute move 'c2c4'
2025-08-15 16:52:28,305 chess.engine (engine.py:976) DEBUG <UciProtocol (pid=30788)>: >> info string [Engine::executeMove] execute move 'd6h2'
2025-08-15 16:52:28,305 chess.engine (engine.py:976) DEBUG <UciProtocol (pid=30788)>: >> info string [Engine::executeMove] execute move 'f2e1'
2025-08-15 16:52:28,305 chess.engine (engine.py:976) DEBUG <UciProtocol (pid=30788)>: >> info string [Engine::executeMove] execute move 'a5b3'
2025-08-15 16:52:28,305 chess.engine (engine.py:976) DEBUG <UciProtocol (pid=30788)>: >> info string [Engine::executeMove] execute move 'd2d3'
2025-08-15 16:52:28,305 chess.engine (engine.py:976) DEBUG <UciProtocol (pid=30788)>: >> info string [Engine::executeMove] execute move 'b7b5'
2025-08-15 16:52:28,305 chess.engine (engine.py:976) DEBUG <UciProtocol (pid=30788)>: >> info string [Engine::executeMove] execute move 'f1f3'
2025-08-15 16:52:28,305 chess.engine (engine.py:976) DEBUG <UciProtocol (pid=30788)>: >> info string [Engine::executeMove] execute move 'c8g4'
2025-08-15 16:52:28,305 chess.engine (engine.py:976) DEBUG <UciProtocol (pid=30788)>: >> info string [Engine::executeMove] execute move 'c1h6'
2025-08-15 16:52:28,305 chess.engine (engine.py:976) DEBUG <UciProtocol (pid=30788)>: >> info string [Engine::executeMove] execute move 'g4h3'
2025-08-15 16:52:28,305 chess.engine (engine.py:976) DEBUG <UciProtocol (pid=30788)>: >> info string [Engine::go] let's go!
2025-08-15 16:52:28,305 chess.engine (engine.py:976) DEBUG <UciProtocol (pid=30788)>: >> info string [Engine::go] found 30 moves
2025-08-15 16:52:28,305 chess.engine (engine.py:976) DEBUG <UciProtocol (pid=30788)>: >> bestmove f3f2
2025-08-15 16:52:28,305 lib.engine_wrapper (engine_wrapper.py:332) INFO Source: Engine
2025-08-15 16:52:28,357 urllib3.connectionpool (connectionpool.py:544) DEBUG https://lichess.org:443 "POST /api/bot/game/bu21vkfh/move/f3f2?offeringDraw=false HTTP/1.1" 200 11
2025-08-15 16:52:28,358 lib.lichess_bot (lichess_bot.py:826) DEBUG Game state: {'type': 'gameState', 'moves': 'g2g4 e7e5 f1g2 b8c6 g1h3 g8f6 g2e4 f6e4 f2f3 e4f6 h1f1 f8b4 a2a4 e8g8 f3f4 e5f4 a1a3 b4a3 h3g1 d7d5 a4a5 c6a5 e2e4 d5e4 b1a3 f4f3 e1f2 d8d6 c2c4 d6h2 f2e1 a5b3 d2d3 b7b5 f1f3 c8g4 c1h6 g4h3 f3f2', 'wtime': 355380, 'btime': 275510, 'winc': 3000, 'binc': 3000, 'status': 'started'}
2025-08-15 16:52:30,776 lib.lichess_bot (lichess_bot.py:826) DEBUG Game state: {'type': 'gameState', 'moves': 'g2g4 e7e5 f1g2 b8c6 g1h3 g8f6 g2e4 f6e4 f2f3 e4f6 h1f1 f8b4 a2a4 e8g8 f3f4 e5f4 a1a3 b4a3 h3g1 d7d5 a4a5 c6a5 e2e4 d5e4 b1a3 f4f3 e1f2 d8d6 c2c4 d6h2 f2e1 a5b3 d2d3 b7b5 f1f3 c8g4 c1h6 g4h3 f3f2 h2g1', 'wtime': 355380, 'btime': 276190, 'winc': 3000, 'binc': 3000, 'status': 'started'}
2025-08-15 16:52:30,777 lib.lichess_bot (lichess_bot.py:817) INFO 
2025-08-15 16:52:30,777 lib.lichess_bot (lichess_bot.py:818) INFO move: 21
2025-08-15 16:52:30,777 lib.engine_wrapper (engine_wrapper.py:722) INFO Searching for wtime 353380 btime 276190 for game bu21vkfh
2025-08-15 16:52:30,777 chess.engine (engine.py:950) DEBUG <UciProtocol (pid=30788)>: << position startpos moves g2g4 e7e5 f1g2 b8c6 g1h3 g8f6 g2e4 f6e4 f2f3 e4f6 h1f1 f8b4 a2a4 e8g8 f3f4 e5f4 a1a3 b4a3 h3g1 d7d5 a4a5 c6a5 e2e4 d5e4 b1a3 f4f3 e1f2 d8d6 c2c4 d6h2 f2e1 a5b3 d2d3 b7b5 f1f3 c8g4 c1h6 g4h3 f3f2 h2g1
2025-08-15 16:52:30,777 chess.engine (engine.py:950) DEBUG <UciProtocol (pid=30788)>: << go wtime 353380 btime 276190 winc 3000 binc 3000
2025-08-15 16:52:30,778 chess.engine (engine.py:976) DEBUG <UciProtocol (pid=30788)>: >> info string [Engine:setPosition] settings position to 'rnbqkbnr/pppppppp/8/8/8/8/PPPPPPPP/RNBQKBNR w KQkq - 0 1'
2025-08-15 16:52:30,778 chess.engine (engine.py:976) DEBUG <UciProtocol (pid=30788)>: >> info string [Engine::executeMove] execute move 'g2g4'
2025-08-15 16:52:30,778 chess.engine (engine.py:976) DEBUG <UciProtocol (pid=30788)>: >> info string [Engine::executeMove] execute move 'e7e5'
2025-08-15 16:52:30,778 chess.engine (engine.py:976) DEBUG <UciProtocol (pid=30788)>: >> info string [Engine::executeMove] execute move 'f1g2'
2025-08-15 16:52:30,778 chess.engine (engine.py:976) DEBUG <UciProtocol (pid=30788)>: >> info string [Engine::executeMove] execute move 'b8c6'
2025-08-15 16:52:30,778 chess.engine (engine.py:976) DEBUG <UciProtocol (pid=30788)>: >> info string [Engine::executeMove] execute move 'g1h3'
2025-08-15 16:52:30,778 chess.engine (engine.py:976) DEBUG <UciProtocol (pid=30788)>: >> info string [Engine::executeMove] execute move 'g8f6'
2025-08-15 16:52:30,778 chess.engine (engine.py:976) DEBUG <UciProtocol (pid=30788)>: >> info string [Engine::executeMove] execute move 'g2e4'
2025-08-15 16:52:30,778 chess.engine (engine.py:976) DEBUG <UciProtocol (pid=30788)>: >> info string [Engine::executeMove] execute move 'f6e4'
2025-08-15 16:52:30,778 chess.engine (engine.py:976) DEBUG <UciProtocol (pid=30788)>: >> info string [Engine::executeMove] execute move 'f2f3'
2025-08-15 16:52:30,778 chess.engine (engine.py:976) DEBUG <UciProtocol (pid=30788)>: >> info string [Engine::executeMove] execute move 'e4f6'
2025-08-15 16:52:30,778 chess.engine (engine.py:976) DEBUG <UciProtocol (pid=30788)>: >> info string [Engine::executeMove] execute move 'h1f1'
2025-08-15 16:52:30,778 chess.engine (engine.py:976) DEBUG <UciProtocol (pid=30788)>: >> info string [Engine::executeMove] execute move 'f8b4'
2025-08-15 16:52:30,778 chess.engine (engine.py:976) DEBUG <UciProtocol (pid=30788)>: >> info string [Engine::executeMove] execute move 'a2a4'
2025-08-15 16:52:30,778 chess.engine (engine.py:976) DEBUG <UciProtocol (pid=30788)>: >> info string [Engine::executeMove] execute move 'e8g8'
2025-08-15 16:52:30,778 chess.engine (engine.py:976) DEBUG <UciProtocol (pid=30788)>: >> info string [Engine::executeMove] execute move 'f3f4'
2025-08-15 16:52:30,778 chess.engine (engine.py:976) DEBUG <UciProtocol (pid=30788)>: >> info string [Engine::executeMove] execute move 'e5f4'
2025-08-15 16:52:30,778 chess.engine (engine.py:976) DEBUG <UciProtocol (pid=30788)>: >> info string [Engine::executeMove] execute move 'a1a3'
2025-08-15 16:52:30,778 chess.engine (engine.py:976) DEBUG <UciProtocol (pid=30788)>: >> info string [Engine::executeMove] execute move 'b4a3'
2025-08-15 16:52:30,778 chess.engine (engine.py:976) DEBUG <UciProtocol (pid=30788)>: >> info string [Engine::executeMove] execute move 'h3g1'
2025-08-15 16:52:30,778 chess.engine (engine.py:976) DEBUG <UciProtocol (pid=30788)>: >> info string [Engine::executeMove] execute move 'd7d5'
2025-08-15 16:52:30,779 chess.engine (engine.py:976) DEBUG <UciProtocol (pid=30788)>: >> info string [Engine::executeMove] execute move 'a4a5'
2025-08-15 16:52:30,779 chess.engine (engine.py:976) DEBUG <UciProtocol (pid=30788)>: >> info string [Engine::executeMove] execute move 'c6a5'
2025-08-15 16:52:30,779 chess.engine (engine.py:976) DEBUG <UciProtocol (pid=30788)>: >> info string [Engine::executeMove] execute move 'e2e4'
2025-08-15 16:52:30,779 chess.engine (engine.py:976) DEBUG <UciProtocol (pid=30788)>: >> info string [Engine::executeMove] execute move 'd5e4'
2025-08-15 16:52:30,779 chess.engine (engine.py:976) DEBUG <UciProtocol (pid=30788)>: >> info string [Engine::executeMove] execute move 'b1a3'
2025-08-15 16:52:30,779 chess.engine (engine.py:976) DEBUG <UciProtocol (pid=30788)>: >> info string [Engine::executeMove] execute move 'f4f3'
2025-08-15 16:52:30,779 chess.engine (engine.py:976) DEBUG <UciProtocol (pid=30788)>: >> info string [Engine::executeMove] execute move 'e1f2'
2025-08-15 16:52:30,779 chess.engine (engine.py:976) DEBUG <UciProtocol (pid=30788)>: >> info string [Engine::executeMove] execute move 'd8d6'
2025-08-15 16:52:30,779 chess.engine (engine.py:976) DEBUG <UciProtocol (pid=30788)>: >> info string [Engine::executeMove] execute move 'c2c4'
2025-08-15 16:52:30,779 chess.engine (engine.py:976) DEBUG <UciProtocol (pid=30788)>: >> info string [Engine::executeMove] execute move 'd6h2'
2025-08-15 16:52:30,779 chess.engine (engine.py:976) DEBUG <UciProtocol (pid=30788)>: >> info string [Engine::executeMove] execute move 'f2e1'
2025-08-15 16:52:30,779 chess.engine (engine.py:976) DEBUG <UciProtocol (pid=30788)>: >> info string [Engine::executeMove] execute move 'a5b3'
2025-08-15 16:52:30,779 chess.engine (engine.py:976) DEBUG <UciProtocol (pid=30788)>: >> info string [Engine::executeMove] execute move 'd2d3'
2025-08-15 16:52:30,779 chess.engine (engine.py:976) DEBUG <UciProtocol (pid=30788)>: >> info string [Engine::executeMove] execute move 'b7b5'
2025-08-15 16:52:30,779 chess.engine (engine.py:976) DEBUG <UciProtocol (pid=30788)>: >> info string [Engine::executeMove] execute move 'f1f3'
2025-08-15 16:52:30,779 chess.engine (engine.py:976) DEBUG <UciProtocol (pid=30788)>: >> info string [Engine::executeMove] execute move 'c8g4'
2025-08-15 16:52:30,779 chess.engine (engine.py:976) DEBUG <UciProtocol (pid=30788)>: >> info string [Engine::executeMove] execute move 'c1h6'
2025-08-15 16:52:30,779 chess.engine (engine.py:976) DEBUG <UciProtocol (pid=30788)>: >> info string [Engine::executeMove] execute move 'g4h3'
2025-08-15 16:52:30,779 chess.engine (engine.py:976) DEBUG <UciProtocol (pid=30788)>: >> info string [Engine::executeMove] execute move 'f3f2'
2025-08-15 16:52:30,779 chess.engine (engine.py:976) DEBUG <UciProtocol (pid=30788)>: >> info string [Engine::executeMove] execute move 'h2g1'
2025-08-15 16:52:30,779 chess.engine (engine.py:976) DEBUG <UciProtocol (pid=30788)>: >> info string [Engine::go] let's go!
2025-08-15 16:52:30,779 chess.engine (engine.py:976) DEBUG <UciProtocol (pid=30788)>: >> info string [Engine::go] found 2 moves
2025-08-15 16:52:30,779 chess.engine (engine.py:976) DEBUG <UciProtocol (pid=30788)>: >> bestmove f2f1
2025-08-15 16:52:30,780 lib.engine_wrapper (engine_wrapper.py:332) INFO Source: Engine
2025-08-15 16:52:30,851 urllib3.connectionpool (connectionpool.py:544) DEBUG https://lichess.org:443 "POST /api/bot/game/bu21vkfh/move/f2f1?offeringDraw=false HTTP/1.1" 200 11
2025-08-15 16:52:30,852 lib.lichess_bot (lichess_bot.py:826) DEBUG Game state: {'type': 'gameState', 'moves': 'g2g4 e7e5 f1g2 b8c6 g1h3 g8f6 g2e4 f6e4 f2f3 e4f6 h1f1 f8b4 a2a4 e8g8 f3f4 e5f4 a1a3 b4a3 h3g1 d7d5 a4a5 c6a5 e2e4 d5e4 b1a3 f4f3 e1f2 d8d6 c2c4 d6h2 f2e1 a5b3 d2d3 b7b5 f1f3 c8g4 c1h6 g4h3 f3f2 h2g1 f2f1', 'wtime': 358310, 'btime': 276190, 'winc': 3000, 'binc': 3000, 'status': 'started'}
2025-08-15 16:52:32,719 lib.lichess_bot (lichess_bot.py:826) DEBUG Game state: {'type': 'gameState', 'moves': 'g2g4 e7e5 f1g2 b8c6 g1h3 g8f6 g2e4 f6e4 f2f3 e4f6 h1f1 f8b4 a2a4 e8g8 f3f4 e5f4 a1a3 b4a3 h3g1 d7d5 a4a5 c6a5 e2e4 d5e4 b1a3 f4f3 e1f2 d8d6 c2c4 d6h2 f2e1 a5b3 d2d3 b7b5 f1f3 c8g4 c1h6 g4h3 f3f2 h2g1 f2f1 g1f1', 'wtime': 358310, 'btime': 274430, 'winc': 3000, 'binc': 3000, 'status': 'mate', 'winner': 'black'}
2025-08-15 16:52:32,719 lib.lichess_bot (lichess_bot.py:928) INFO pjsde won!
2025-08-15 16:52:32,719 lib.lichess_bot (lichess_bot.py:939) INFO Game won by checkmate.
2025-08-15 16:52:32,720 lib.conversation (conversation.py:99) INFO *** https://lichess.org/bu21vkfh/white [player] chessna2: Good game!
2025-08-15 16:52:32,734 lib.lichess_bot (lichess_bot.py:447) DEBUG Event: {'type': 'gameFinish', 'game': {'fullId': 'bu21vkfhzTYZ', 'gameId': 'bu21vkfh', 'fen': 'r4rk1/p1p2ppp/5n1B/1p6/2P1p3/Nn1P3b/1P6/3QKq2 w - - 0 22', 'color': 'white', 'lastMove': 'g1f1', 'source': 'friend', 'status': {'id': 30, 'name': 'mate'}, 'variant': {'key': 'standard', 'name': 'Standard'}, 'speed': 'blitz', 'perf': 'blitz', 'rated': False, 'hasMoved': True, 'opponent': {'id': 'pjsde', 'username': 'pjsde', 'rating': 897}, 'isMyTurn': False, 'secondsLeft': 358, 'winner': 'black', 'compat': {'bot': True, 'board': True}, 'id': 'bu21vkfh'}}
2025-08-15 16:52:32,822 urllib3.connectionpool (connectionpool.py:544) DEBUG https://lichess.org:443 "POST /api/bot/game/bu21vkfh/chat HTTP/1.1" 200 11
2025-08-15 16:52:32,823 lib.conversation (conversation.py:99) INFO *** https://lichess.org/bu21vkfh/white [spectator] chessna2: Thanks for watching!
2025-08-15 16:52:32,888 urllib3.connectionpool (connectionpool.py:544) DEBUG https://lichess.org:443 "POST /api/bot/game/bu21vkfh/chat HTTP/1.1" 200 11
2025-08-15 16:52:32,888 chess.engine (engine.py:950) DEBUG <UciProtocol (pid=30788)>: << isready
2025-08-15 16:52:32,888 chess.engine (engine.py:976) DEBUG <UciProtocol (pid=30788)>: >> readyok
2025-08-15 16:52:32,889 chess.engine (engine.py:950) DEBUG <UciProtocol (pid=30788)>: << quit
2025-08-15 16:52:32,889 chess.engine (engine.py:947) DEBUG <UciProtocol (pid=30788)>: Process exited
2025-08-15 16:52:32,889 chess.engine (engine.py:934) DEBUG <UciProtocol (pid=30788)>: Connection lost (exit code: 0, error: None)
2025-08-15 16:52:32,890 lib.lichess_bot (lichess_bot.py:901) INFO --- https://lichess.org/bu21vkfh/white Game over
2025-08-15 16:52:32,890 lib.lichess_bot (lichess_bot.py:447) DEBUG Event: {'type': 'local_game_done', 'game': {'id': 'bu21vkfh'}}
2025-08-15 16:52:32,890 lib.lichess_bot (lichess_bot.py:320) INFO +++ Process Freed. Count: 0. IDs: None
2025-08-15 16:54:50,550 lib.lichess_bot (lichess_bot.py:1251) INFO Termination requested - stopping restart cycle
2025-08-15 16:56:55,782 lib.lichess_bot (lichess_bot.py:1174) INFO 
    .   _/|
    .  // o\
    .  || ._)  lichess-bot 2025.8.7.1 on Darwin 24.6.0
    .  //__\
    .  )___(   Play on Lichess with a bot
    
2025-08-15 16:56:55,795 lib.config (config.py:288) DEBUG Config:
token: logger
url: https://lichess.org/
engine:
  dir: ../bin/
  name: chessna
  working_dir: ''
  protocol: uci
  ponder: false
  polyglot:
    enabled: false
    book:
      standard: null
    min_weight: 1
    selection: weighted_random
    max_depth: 20
    normalization: none
  draw_or_resign:
    resign_enabled: false
    resign_score: -1000
    resign_for_egtb_minus_two: true
    resign_moves: 3
    offer_draw_enabled: true
    offer_draw_score: 0
    offer_draw_for_egtb_zero: true
    offer_draw_moves: 10
    offer_draw_pieces: 10
  online_moves:
    max_out_of_book_moves: 10
    max_retries: 2
    chessdb_book:
      enabled: false
      min_time: 20
      max_time: 10800
      move_quality: good
      min_depth: 20
    lichess_cloud_analysis:
      enabled: false
      min_time: 20
      max_time: 10800
      move_quality: best
      max_score_difference: 50
      min_depth: 20
      min_knodes: 0
    lichess_opening_explorer:
      enabled: false
      min_time: 20
      max_time: 10800
      source: masters
      player_name: ''
      sort: winrate
      min_games: 10
    online_egtb:
      enabled: false
      min_time: 20
      max_time: 10800
      max_pieces: 7
      source: lichess
      move_quality: best
  lichess_bot_tbs:
    syzygy:
      enabled: false
      paths:
      - engines/syzygy
      max_pieces: 7
      move_quality: best
    gaviota:
      enabled: false
      paths:
      - engines/gaviota
      max_pieces: 5
      min_dtm_to_consider_as_wdl_1: 120
      move_quality: best
  homemade_options: null
  uci_options: null
  silence_stderr: false
abort_time: 30
fake_think_time: false
rate_limiting_delay: 0
move_overhead: 2000
max_takebacks_accepted: 0
quit_after_all_games_finish: false
correspondence:
  move_time: 60
  checkin_period: 300
  disconnect_time: 150
  ponder: false
challenge:
  concurrency: 1
  sort_by: best
  preference: none
  accept_bot: true
  only_bot: false
  max_increment: 20
  min_increment: 0
  max_base: 1800
  min_base: 0
  max_days: 14
  min_days: 1
  variants:
  - standard
  time_controls:
  - bullet
  - blitz
  - rapid
  - classical
  modes:
  - casual
  - rated
  bullet_requires_increment: false
  max_simultaneous_games_per_user: 5
greeting:
  hello: Hi! I'm {me}. Good luck! Type !help for a list of commands I can respond
    to.
  goodbye: Good game!
  hello_spectators: Hi! I'm {me}. Type !help for a list of commands I can respond
    to.
  goodbye_spectators: Thanks for watching!
matchmaking:
  allow_matchmaking: false
  allow_during_games: false
  challenge_variant: random
  challenge_timeout: 30
  challenge_initial_time:
  - 60
  - 180
  challenge_increment:
  - 1
  - 2
  opponent_rating_difference: 300
  rating_preference: none
  challenge_mode: random
  challenge_filter: none
  include_challenge_block_list: false

2025-08-15 16:56:55,795 lib.config (config.py:289) DEBUG ====================
2025-08-15 16:56:55,798 lib.config (config.py:288) DEBUG Config:
token: logger
url: https://lichess.org/
engine:
  dir: ../bin/
  name: chessna
  working_dir: /Users/peter/work/chessna/lichess-bot
  protocol: uci
  ponder: false
  polyglot:
    enabled: false
    book:
      standard: null
    min_weight: 1
    selection: weighted_random
    max_depth: 20
    normalization: none
  draw_or_resign:
    resign_enabled: false
    resign_score: -1000
    resign_for_egtb_minus_two: true
    resign_moves: 3
    offer_draw_enabled: true
    offer_draw_score: 0
    offer_draw_for_egtb_zero: true
    offer_draw_moves: 10
    offer_draw_pieces: 10
  online_moves:
    max_out_of_book_moves: 10
    max_retries: 2
    chessdb_book:
      enabled: false
      min_time: 20
      max_time: 10800
      move_quality: good
      min_depth: 20
    lichess_cloud_analysis:
      enabled: false
      min_time: 20
      max_time: 10800
      move_quality: best
      max_score_difference: 50
      min_depth: 20
      min_knodes: 0
    lichess_opening_explorer:
      enabled: false
      min_time: 20
      max_time: 10800
      source: masters
      player_name: ''
      sort: winrate
      min_games: 10
    online_egtb:
      enabled: false
      min_time: 20
      max_time: 10800
      max_pieces: 7
      source: lichess
      move_quality: best
    max_depth: .inf
  lichess_bot_tbs:
    syzygy:
      enabled: false
      paths:
      - engines/syzygy
      max_pieces: 7
      move_quality: best
    gaviota:
      enabled: false
      paths:
      - engines/gaviota
      max_pieces: 5
      min_dtm_to_consider_as_wdl_1: 120
      move_quality: best
  homemade_options: null
  uci_options: null
  silence_stderr: false
  interpreter: null
  interpreter_options: []
  uci_ponder: false
abort_time: 30
fake_think_time: false
rate_limiting_delay: 0
move_overhead: 2000
max_takebacks_accepted: 0
quit_after_all_games_finish: false
correspondence:
  move_time: 60
  checkin_period: 300
  disconnect_time: 150
  ponder: false
  uci_ponder: false
challenge:
  concurrency: 1
  sort_by: best
  preference: none
  accept_bot: true
  only_bot: false
  max_increment: 20
  min_increment: 0
  max_base: 1800
  min_base: 0
  max_days: 14
  min_days: 1
  variants:
  - standard
  time_controls:
  - bullet
  - blitz
  - rapid
  - classical
  modes:
  - casual
  - rated
  bullet_requires_increment: false
  max_simultaneous_games_per_user: 5
  block_list: []
  online_block_list: []
  allow_list: []
greeting:
  hello: Hi! I'm {me}. Good luck! Type !help for a list of commands I can respond
    to.
  goodbye: Good game!
  hello_spectators: Hi! I'm {me}. Type !help for a list of commands I can respond
    to.
  goodbye_spectators: Thanks for watching!
matchmaking:
  allow_matchmaking: false
  allow_during_games: false
  challenge_variant: random
  challenge_timeout: 30
  challenge_initial_time:
  - 60
  - 180
  challenge_increment:
  - 1
  - 2
  opponent_rating_difference: 300
  rating_preference: none
  challenge_mode: random
  challenge_filter: none
  include_challenge_block_list: false
  block_list: []
  online_block_list: []
  challenge_days:
  - null
  opponent_min_rating: 600
  opponent_max_rating: 4000
  overrides: {}
pgn_directory: null
pgn_file_grouping: game

2025-08-15 16:56:55,798 lib.config (config.py:289) DEBUG ====================
2025-08-15 16:56:55,801 lib.lichess_bot (lichess_bot.py:1180) INFO Checking engine configuration ...
2025-08-15 16:56:55,803 lib.engine_wrapper (engine_wrapper.py:69) DEBUG Starting engine: ['/Users/peter/work/chessna/bin/chessna']
2025-08-15 16:56:55,803 asyncio (selector_events.py:64) DEBUG Using selector: KqueueSelector
2025-08-15 16:56:55,806 chess.engine (engine.py:928) DEBUG <UciProtocol (pid=30907)>: Connection made
2025-08-15 16:56:55,806 chess.engine (engine.py:950) DEBUG <UciProtocol (pid=30907)>: << uci
2025-08-15 16:56:55,806 chess.engine (engine.py:976) DEBUG <UciProtocol (pid=30907)>: >> id name CHESSna 2 Version 0.01 alpha
2025-08-15 16:56:55,807 chess.engine (engine.py:976) DEBUG <UciProtocol (pid=30907)>: >> id author Peter Schneider
2025-08-15 16:56:55,807 chess.engine (engine.py:976) DEBUG <UciProtocol (pid=30907)>: >> uciok
2025-08-15 16:56:55,807 chess.engine (engine.py:950) DEBUG <UciProtocol (pid=30907)>: << isready
2025-08-15 16:56:55,807 chess.engine (engine.py:976) DEBUG <UciProtocol (pid=30907)>: >> readyok
2025-08-15 16:56:55,807 chess.engine (engine.py:950) DEBUG <UciProtocol (pid=30907)>: << quit
2025-08-15 16:56:55,807 chess.engine (engine.py:947) DEBUG <UciProtocol (pid=30907)>: Process exited
2025-08-15 16:56:55,807 chess.engine (engine.py:934) DEBUG <UciProtocol (pid=30907)>: Connection lost (exit code: 0, error: None)
2025-08-15 16:56:55,808 lib.lichess_bot (lichess_bot.py:1183) INFO Engine configuration OK
2025-08-15 16:56:55,808 lib.lichess_bot (lichess_bot.py:1153) DEBUG Python version: 3.13.6.final.0
2025-08-15 16:56:55,817 lib.lichess_bot (lichess_bot.py:1159) DEBUG Installed libraries:
pip==25.2
idna==3.10
urllib3==2.5.0
charset-normalizer==3.4.3
requests==2.32.4
typing_extensions==4.14.1
certifi==2025.8.3
rich==14.1.0
markdown-it-py==4.0.0
wrapt==1.17.3
Deprecated==1.2.18
mdurl==0.1.2
python-dateutil==2.9.0.post0
berserk==0.13.2
Pygments==2.19.2
chess==1.11.2
PyYAML==6.0.2
backoff==2.2.1
ndjson==0.3.1
six==1.17.0


2025-08-15 16:56:55,823 urllib3.connectionpool (connectionpool.py:1049) DEBUG Starting new HTTPS connection (1): lichess.org:443
2025-08-15 16:56:56,013 urllib3.connectionpool (connectionpool.py:544) DEBUG https://lichess.org:443 "POST /api/token/test HTTP/1.1" 200 None
2025-08-15 16:56:56,070 urllib3.connectionpool (connectionpool.py:544) DEBUG https://lichess.org:443 "GET /api/account HTTP/1.1" 200 None
2025-08-15 16:56:56,071 lib.lichess_bot (lichess_bot.py:1193) INFO Welcome chessna2!
2025-08-15 16:56:56,072 lib.lichess_bot (lichess_bot.py:260) INFO You're now connected to https://lichess.org/ and awaiting challenges.
2025-08-15 16:56:56,443 urllib3.connectionpool (connectionpool.py:544) DEBUG https://lichess.org:443 "GET /api/account/playing HTTP/1.1" 200 None
2025-08-15 16:56:56,685 lib.lichess_bot (lichess_bot.py:447) DEBUG Event: {'type': 'gameStart', 'game': {'fullId': 'EhrjytR7M9mm', 'gameId': 'EhrjytR7', 'fen': 'rnbqkbnr/pppppppp/8/8/8/8/PPPPPPPP/RNBQKBNR w KQkq - 0 1', 'color': 'black', 'lastMove': '', 'source': 'friend', 'status': {'id': 20, 'name': 'started'}, 'variant': {'key': 'standard', 'name': 'Standard'}, 'speed': 'correspondence', 'perf': 'correspondence', 'rated': False, 'hasMoved': False, 'opponent': {'id': 'pjsde', 'username': 'pjsde', 'rating': 1500}, 'isMyTurn': False, 'compat': {'bot': True, 'board': True}, 'id': 'EhrjytR7'}}
2025-08-15 16:56:56,685 lib.lichess_bot (lichess_bot.py:584) INFO --- Enqueue https://lichess.org/EhrjytR7
2025-08-15 16:57:04,844 lib.lichess_bot (lichess_bot.py:1251) INFO Termination requested - stopping restart cycle
